id,firstName,lastName,email,address,city,state,zipCode,birthDate
1,Berke,MacCrosson,bmaccrosson0@topsy.com,53 Stoughton Junction,Fairbanks,Alaska,99790,12/21/1947
2,Annmaria,Hazeley,ahazeley1@imdb.com,55744 Northview Hill,Columbus,Ohio,43226,2/14/1977
3,Hope,Attle,hattle2@nba.com,30512 Chive Place,Greensboro,North Carolina,27499,12/30/1971
4,Jennee,Renihan,jrenihan3@is.gd,09128 Lunder Way,Louisville,Kentucky,40280,9/12/1989
5,Gerik,Larkby,glarkby4@wiley.com,69814 Spaight Lane,Greenville,South Carolina,29605,12/26/1974
6,Kellie,Wootton,kwootton5@1und1.de,663 Continental Terrace,Madison,Wisconsin,53779,
7,Tallou,Upex,tupex6@cdbaby.com,79818 Canary Place,Atlanta,Georgia,30375,6/18/1967
8,Valentine,Asple,,2 Weeping Birch Hill,Madison,Wisconsin,53726,10/27/1964
9,Patrice,Roeby,proeby8@bravesites.com,2185 Roxbury Street,Augusta,Georgia,30905,7/4/1982
10,Noella,Dubois,ndubois9@google.com.hk,54917 Golf View Lane,Pittsburgh,Pennsylvania,15215,6/11/1968
11,Katrinka,Nears,knearsa@kickstarter.com,941 Gateway Plaza,San Antonio,Texas,78265,
12,Willie,Weber,wweberb@wikia.com,73141 Sutteridge Plaza,New York City,New York,10045,12/23/1962
13,Caterina,Brasener,cbrasenerc@jimdo.com,6574 Westport Junction,Washington,District of Columbia,20036,
14,Orbadiah,Klessmann,oklessmannd@webmd.com,0 Buena Vista Place,Denver,Colorado,80270,
15,Hadria,Danser,hdansere@squarespace.com,536 Blue Bill Park Pass,Huntsville,Alabama,35805,2/27/1960
16,Esmaria,Doerren,edoerrenf@blogs.com,58 Dawn Parkway,Huntsville,Alabama,35810,10/5/1983
17,Jessamyn,Abramowsky,jabramowskyg@ibm.com,7429 Lotheville Center,Rochester,New York,14614,
18,Vasilis,Spini,vspinih@slashdot.org,0 Lake View Plaza,Albany,New York,12205,1/28/1986
19,Renate,Besnardeau,rbesnardeaui@utexas.edu,683 Commercial Point,Baltimore,Maryland,21203,9/30/1950
20,Shandra,Brundall,sbrundallj@jiathis.com,04 Arizona Park,Spring Hill,Florida,34611,
21,Elvera,Balmadier,ebalmadierk@fastcompany.com,495 Artisan Hill,Reading,Pennsylvania,19610,12/31/1990
22,Hildegaard,Signoret,hsignoretl@elpais.com,60 Vermont Place,Saint Petersburg,Florida,33705,8/19/1985
23,Drucill,Lowcock,dlowcockm@geocities.jp,39 Straubel Trail,Jackson,Mississippi,39216,4/19/1992
24,Evered,Boxhill,eboxhilln@techcrunch.com,4383 East Hill,Topeka,Kansas,66667,7/9/1984
25,Eloisa,Tippett,etippetto@ted.com,64 Schiller Point,Aurora,Colorado,80015,
26,Shelli,Kuna,skunap@nifty.com,29212 Arrowood Hill,Charlotte,North Carolina,28272,2/17/1973
27,Madelin,Pilbury,mpilburyq@ehow.com,7517 Tennessee Plaza,Honolulu,Hawaii,96835,2/27/1991
28,Chrystel,Loddon,cloddonr@phoca.cz,1 Bobwhite Drive,San Jose,California,95160,6/9/1960
29,Raynell,Allright,rallrights@youtu.be,9 Nelson Alley,Montgomery,Alabama,36119,
30,Berna,Pearmine,bpearminet@sitemeter.com,0832 Luster Circle,Greenville,South Carolina,29610,11/16/1984
31,Milena,Florez,mflorezu@163.com,65 Meadow Ridge Road,Oklahoma City,Oklahoma,73135,8/22/1948
32,Evangelia,Pilfold,epilfoldv@digg.com,403 Superior Park,Brooklyn,New York,11241,11/16/1951
33,Daphene,Redgate,dredgatew@slideshare.net,192 Mcbride Plaza,Tacoma,Washington,98417,10/28/1970
34,Taber,Tobin,ttobinx@forbes.com,8 Green Place,Humble,Texas,77346,
35,Feliks,Humerstone,fhumerstoney@state.tx.us,48916 Hovde Drive,Port Saint Lucie,Florida,34985,6/8/1999
36,Marlena,Waltho,mwalthoz@alibaba.com,9 Fremont Alley,Decatur,Georgia,30089,11/16/1974
37,Myer,Truett,mtruett10@virginia.edu,62551 Farragut Place,Las Vegas,Nevada,89166,
38,Elton,Teaz,eteaz11@baidu.com,74 Cardinal Center,Charleston,West Virginia,25362,
39,Dominica,Whiten,dwhiten12@boston.com,138 Farmco Crossing,Washington,District of Columbia,20016,
40,Raul,Weblin,rweblin13@quantcast.com,67 Golden Leaf Pass,Sarasota,Florida,34276,6/24/1978
41,Cherey,Papaminas,cpapaminas14@mit.edu,08148 Moland Pass,Hartford,Connecticut,06160,
42,Sharron,Brackpool,sbrackpool15@google.com.br,620 Warbler Hill,New Bedford,Massachusetts,02745,1/21/1943
43,Keefe,Fernier,kfernier16@tripod.com,59 Huxley Crossing,Dallas,Texas,75260,
44,Robina,Epilet,repilet17@reference.com,200 Elmside Road,New York City,New York,10165,
45,Arel,Anetts,aanetts18@globo.com,0272 Anthes Parkway,Washington,District of Columbia,20078,
46,Cordula,McLoney,cmcloney19@trellian.com,56 Sloan Place,Denver,Colorado,80223,1/27/1957
47,Nixie,Conahy,,8 Bunting Park,Scottsdale,Arizona,85255,
48,Maddi,Langsbury,mlangsbury1b@squidoo.com,37652 Gateway Road,Minneapolis,Minnesota,55487,
49,Evangelin,Dulany,edulany1c@stumbleupon.com,656 Melody Trail,Philadelphia,Pennsylvania,19131,8/22/1983
50,Melinda,Lavelle,mlavelle1d@icq.com,997 Briar Crest Trail,Long Beach,California,90805,
51,Zachery,Begbie,zbegbie1e@naver.com,74824 Fuller Court,Providence,Rhode Island,02905,
52,Teri,Robatham,,45238 Tony Hill,Boston,Massachusetts,02104,12/12/1965
53,Elaina,Milley,emilley1g@google.ru,546 Bashford Trail,Washington,District of Columbia,20409,
54,Hephzibah,Pretious,hpretious1h@goo.ne.jp,47 Sachs Alley,Long Beach,California,90810,
55,Wilbur,Bidgod,wbidgod1i@guardian.co.uk,9245 Park Meadow Street,Oklahoma City,Oklahoma,73124,
56,Annalee,Schorah,aschorah1j@bloglines.com,771 Meadow Ridge Place,Largo,Florida,34643,
57,Holly,Mabbot,hmabbot1k@dion.ne.jp,5 Merchant Hill,Bronx,New York,10459,9/17/1989
58,Annamarie,Marklew,amarklew1l@slideshare.net,0 Lyons Road,Charleston,West Virginia,25321,
59,Walden,Gambles,wgambles1m@purevolume.com,3095 Riverside Junction,Knoxville,Tennessee,37931,10/11/1992
60,Johanna,Scamwell,jscamwell1n@is.gd,8 Pearson Junction,Minneapolis,Minnesota,55412,12/20/1962
61,Kelwin,Bernollet,kbernollet1o@google.ca,07 Calypso Parkway,Toledo,Ohio,43699,5/8/1988
62,Den,Baudts,dbaudts1p@nifty.com,12027 Northview Parkway,Albuquerque,New Mexico,87110,10/14/1985
63,Anabel,Havelin,ahavelin1q@ucla.edu,7 Lakewood Gardens Plaza,Ocala,Florida,34474,
64,Storm,Van de Castele,svandecastele1r@amazon.co.uk,6 Rieder Alley,Garland,Texas,75049,6/29/1956
65,Serena,Hansmann,shansmann1s@goo.ne.jp,7 Shoshone Way,Mesa,Arizona,85210,9/2/1990
66,Gabie,Crates,gcrates1t@e-recht24.de,34 Merry Lane,Atlanta,Georgia,30380,6/3/1992
67,Correy,Rowcastle,crowcastle1u@studiopress.com,6259 Eastwood Junction,Palo Alto,California,94302,
68,Benjamen,Tyrwhitt,btyrwhitt1v@fema.gov,41 Golf Alley,Corona,California,92883,5/13/1975
69,Sharona,De Fries,sdefries1w@bing.com,4271 Starling Parkway,New York City,New York,10125,
70,Ruthy,Esposi,resposi1x@github.io,843 Green Junction,Racine,Wisconsin,53405,
71,Almire,Lewson,,402 Pleasure Plaza,Levittown,Pennsylvania,19058,3/21/1940
72,Jillie,Jope,jjope1z@statcounter.com,73 Buell Point,Atlanta,Georgia,30380,
73,Barnabe,Myford,bmyford20@printfriendly.com,15 Grim Road,Odessa,Texas,79769,8/3/1981
74,Lincoln,Powton,lpowton21@whitehouse.gov,20696 2nd Crossing,Phoenix,Arizona,85045,10/1/1941
75,Naoma,Genge,ngenge22@ox.ac.uk,7444 La Follette Plaza,New Orleans,Louisiana,70124,7/21/1982
76,Ceil,Epinoy,cepinoy23@purevolume.com,25 Ohio Pass,Peoria,Illinois,61635,
77,Sherwin,Cromett,scromett24@fda.gov,59 Briar Crest Crossing,Lynchburg,Virginia,24503,3/28/1991
78,Lilli,McVeagh,lmcveagh25@sohu.com,28027 Hintze Way,Springfield,Illinois,62764,2/15/1985
79,Fairleigh,McRuvie,fmcruvie26@bbb.org,58 Tennessee Alley,Wilkes Barre,Pennsylvania,18706,
80,Matty,Boomes,mboomes27@sfgate.com,70122 Manley Circle,Gadsden,Alabama,35905,7/31/1964
81,Sydney,O'Reilly,,7 Eagle Crest Avenue,Providence,Rhode Island,02912,12/26/1988
82,Rogerio,Scoullar,rscoullar29@homestead.com,4961 Lakewood Gardens Avenue,Pasadena,Texas,77505,6/15/1940
83,Briano,Askew,baskew2a@tamu.edu,40 Warner Crossing,New York City,New York,10150,
84,Henka,Southcoat,hsouthcoat2b@google.com.hk,95059 Green Ridge Trail,Washington,District of Columbia,20380,8/7/1942
85,Inesita,Commusso,icommusso2c@zdnet.com,95950 Corben Terrace,Fort Worth,Texas,76121,7/1/1947
86,Yasmin,Deerness,ydeerness2d@mediafire.com,40 Roxbury Park,Evansville,Indiana,47719,
87,Doyle,Sugars,dsugars2e@livejournal.com,95942 Kennedy Place,Birmingham,Alabama,35254,5/16/1973
88,Austine,Badam,abadam2f@sitemeter.com,442 Transport Court,San Jose,California,95173,1/12/1999
89,Ichabod,Spellward,ispellward2g@nasa.gov,58187 Holmberg Lane,Jacksonville,Florida,32259,7/7/1957
90,Ealasaid,Das,edas2h@foxnews.com,3612 Moose Junction,Wichita,Kansas,67230,2/10/1948
91,Ade,Andrzejak,aandrzejak2i@usa.gov,08 Sunfield Circle,Los Angeles,California,90020,
92,Viola,Severn,vsevern2j@123-reg.co.uk,5 Harper Hill,Hampton,Virginia,23668,
93,Mikkel,Jedrzaszkiewicz,mjedrzaszkiewicz2k@odnoklassniki.ru,9115 Hoepker Avenue,Washington,District of Columbia,20036,2/16/1964
94,Trescha,Deftie,tdeftie2l@shutterfly.com,060 Jenifer Crossing,Washington,District of Columbia,20430,5/15/1973
95,Hildagarde,Coste,hcoste2m@goo.gl,76 Arkansas Road,Suffolk,Virginia,23436,
96,Petunia,Filimore,pfilimore2n@163.com,86 Dawn Park,Sacramento,California,95865,7/19/1992
97,Gerardo,Corgenvin,gcorgenvin2o@tinyurl.com,988 Northridge Crossing,Portsmouth,New Hampshire,00214,10/17/1981
98,Mauricio,Kerans,,74 Anthes Place,Atlanta,Georgia,30311,8/25/1968
99,Harwell,Flescher,hflescher2q@addtoany.com,00382 Colorado Pass,Oklahoma City,Oklahoma,73157,6/20/1993
100,Amalea,Mathivet,amathivet2r@nature.com,8064 Reinke Drive,Tampa,Florida,33620,
101,Fransisco,Thonger,fthonger2s@blogs.com,39878 Lukken Plaza,Little Rock,Arkansas,72215,12/28/1950
102,Isidro,Spreckley,ispreckley2t@prlog.org,5 Barnett Trail,Fort Wayne,Indiana,46857,6/19/1970
103,Kyla,Lytle,klytle2u@washingtonpost.com,298 Gulseth Point,Fort Lauderdale,Florida,33310,
104,Perla,Belt,pbelt2v@qq.com,866 Prentice Alley,Portland,Oregon,97286,
105,Tiphany,Cram,tcram2w@live.com,696 Fordem Terrace,Scottsdale,Arizona,85271,2/4/1965
106,Mella,Brito,mbrito2x@flickr.com,19 Sullivan Street,Atlanta,Georgia,31196,11/28/1952
107,Edwin,Crosi,ecrosi2y@dmoz.org,91 Briar Crest Street,Milwaukee,Wisconsin,53234,5/24/1948
108,Horacio,Fransman,,54130 Dexter Park,Fort Worth,Texas,76134,
109,Nels,O'Regan,noregan30@washingtonpost.com,8511 Linden Drive,Lexington,Kentucky,40505,
110,Phip,Stute,pstute31@soup.io,5 Rusk Point,Homestead,Florida,33034,6/9/1985
111,Pietro,Stock,pstock32@free.fr,70638 Fairview Trail,Sparks,Nevada,89436,9/5/1960
112,Charlton,Wiltsher,cwiltsher33@t.co,7 Truax Alley,Austin,Texas,78737,1/2/1979
113,Harlie,Kield,,61588 Lillian Place,Woburn,Massachusetts,01813,7/4/1965
114,Adrianne,Nussii,anussii35@arizona.edu,4 Dixon Pass,Philadelphia,Pennsylvania,19196,
115,Althea,Mallaby,,693 Dayton Hill,Springfield,Missouri,65805,3/10/1942
116,Bobinette,Goldhill,bgoldhill37@patch.com,8791 Elgar Place,Pasadena,California,91199,
117,Yoshiko,Jozsef,yjozsef38@cdc.gov,39342 Hoepker Point,Sioux Falls,South Dakota,57188,7/10/1947
118,Zackariah,Custard,zcustard39@cargocollective.com,9 Manufacturers Avenue,Birmingham,Alabama,35215,9/11/1992
119,Staci,Teaser,steaser3a@facebook.com,33243 Dakota Hill,Memphis,Tennessee,38143,
120,Kamila,Boriston,,3 Myrtle Road,Baton Rouge,Louisiana,70894,9/29/1968
121,Leanora,McGeechan,lmcgeechan3c@phoca.cz,19212 New Castle Road,Levittown,Pennsylvania,19058,6/6/1960
122,Dyna,Steeden,dsteeden3d@deliciousdays.com,329 Delaware Center,Jacksonville,Florida,32209,5/24/1941
123,Peri,Seamarke,,441 Spaight Parkway,Minneapolis,Minnesota,55402,
124,Marlo,Kyte,mkyte3f@unblog.fr,9954 Fisk Alley,Washington,District of Columbia,20088,
125,Herc,Parlatt,hparlatt3g@xrea.com,54078 Londonderry Parkway,Saint Paul,Minnesota,55172,
126,Emmie,Layhe,elayhe3h@ebay.com,3 Muir Crossing,Detroit,Michigan,48217,5/11/1952
127,Taddeo,Andrusyak,tandrusyak3i@twitter.com,0 Coolidge Way,Chattanooga,Tennessee,37405,
128,Elia,Fanner,efanner3j@skyrock.com,98445 South Trail,Miami,Florida,33124,
129,Chicky,Rooson,crooson3k@ucla.edu,98 Express Trail,Kalamazoo,Michigan,49006,
130,Emmie,Cootes,ecootes3l@jigsy.com,8 Sunnyside Drive,Tucson,Arizona,85710,
131,Sherri,Wolffers,swolffers3m@state.tx.us,7435 Warrior Avenue,Brooklyn,New York,11236,3/10/1986
132,Harland,Clubbe,hclubbe3n@hhs.gov,4263 Grayhawk Court,Gatesville,Texas,76598,
133,Rice,McCormick,rmccormick3o@theguardian.com,89 Melrose Plaza,Kansas City,Kansas,66105,11/17/1954
134,Truman,Cawood,tcawood3p@dell.com,46698 Loeprich Circle,Kansas City,Missouri,64190,2/18/1996
135,Kimberlyn,O'Corr,kocorr3q@geocities.com,1 Sommers Plaza,San Rafael,California,94913,
136,Darrel,Roston,droston3r@unblog.fr,8847 Utah Avenue,Saginaw,Michigan,48609,
137,Ker,Foffano,kfoffano3s@jalbum.net,60052 Gulseth Place,Norwalk,Connecticut,06859,6/11/1947
138,Jemmy,Reignolds,jreignolds3t@twitpic.com,81321 Stoughton Drive,Atlanta,Georgia,30392,12/28/1990
139,Marjy,Alfwy,malfwy3u@craigslist.org,55 Hovde Way,Oklahoma City,Oklahoma,73109,12/19/1952
140,Freddie,Mariaud,fmariaud3v@diigo.com,66484 Summerview Hill,San Jose,California,95118,6/26/1952
141,Cordey,Durnill,cdurnill3w@marketwatch.com,385 Hallows Junction,London,Kentucky,40745,
142,Birgitta,Reoch,breoch3x@disqus.com,45354 Onsgard Avenue,Fort Lauderdale,Florida,33336,1/5/1970
143,Nada,Cawtheray,ncawtheray3y@de.vu,97 Shelley Street,Chicago,Illinois,60619,2/4/1966
144,Hugues,Balden,hbalden3z@google.co.uk,87949 Judy Way,White Plains,New York,10633,
145,Tyrus,Seaton,tseaton40@yolasite.com,4794 Loftsgordon Lane,Aurora,Illinois,60505,8/4/1952
146,Marthena,Christophersen,mchristophersen41@ucsd.edu,5 Eagan Pass,Brockton,Massachusetts,02405,11/18/1988
147,Myron,Annetts,mannetts42@dailymail.co.uk,19 Graceland Park,Pueblo,Colorado,81005,7/3/1995
148,Estrella,Fountain,efountain43@godaddy.com,3 Trailsway Hill,New Orleans,Louisiana,70149,
149,Royce,Willetts,,9 Eastwood Terrace,Baton Rouge,Louisiana,70894,12/9/1964
150,Oralia,Levinge,olevinge45@jimdo.com,38 Northwestern Avenue,Mansfield,Ohio,44905,10/3/1947
151,Libby,Goschalk,lgoschalk46@china.com.cn,9 Elgar Circle,Baton Rouge,Louisiana,70826,
152,Hieronymus,Chesson,hchesson47@craigslist.org,362 Luster Lane,Young America,Minnesota,55573,12/9/1975
153,Brinn,Stranahan,bstranahan48@meetup.com,9 Anthes Plaza,Phoenix,Arizona,85035,1/23/1987
154,Berni,Cuffe,bcuffe49@dell.com,607 Delladonna Court,Jackson,Mississippi,39282,7/4/1967
155,Clim,Pethick,cpethick4a@tiny.cc,40 Victoria Plaza,Reno,Nevada,89510,1/12/1960
156,Erhard,Phillippo,ephillippo4b@php.net,22 Bluestem Drive,Tacoma,Washington,98417,1/11/1991
157,Janey,Salisbury,jsalisbury4c@studiopress.com,145 Delladonna Place,Newport Beach,California,92662,12/5/1966
158,Jeanelle,Greatrex,jgreatrex4d@illinois.edu,078 Sundown Court,Orange,California,92867,7/3/1940
159,Remy,Norvell,rnorvell4e@nytimes.com,22 Maywood Junction,Reston,Virginia,20195,10/1/1955
160,Kate,Markie,kmarkie4f@vimeo.com,49 Golf View Trail,Van Nuys,California,91406,11/8/1960
161,Eldridge,Weild,,849 Prairieview Center,Chicago,Illinois,60636,11/16/1945
162,Jannel,Cleeves,jcleeves4h@about.me,4846 Gale Street,Bellevue,Washington,98008,8/1/1962
163,Klement,Musicka,kmusicka4i@admin.ch,4 Swallow Pass,Seattle,Washington,98109,8/5/1967
164,Cordelie,Schaben,cschaben4j@dmoz.org,27336 Rieder Court,Springfield,Illinois,62705,2/27/1986
165,Windy,Cubbon,wcubbon4k@reddit.com,33 Elgar Junction,Las Vegas,Nevada,89150,2/4/1962
166,Karol,Froment,kfroment4l@discovery.com,12 Basil Place,San Jose,California,95113,12/24/1951
167,Sileas,McAdam,smcadam4m@npr.org,656 Schlimgen Place,Dallas,Texas,75379,
168,Austen,Necolds,anecolds4n@house.gov,991 Del Sol Plaza,Jackson,Mississippi,39204,5/26/1974
169,Lucia,McOmish,lmcomish4o@pagesperso-orange.fr,520 Twin Pines Junction,El Paso,Texas,88574,4/22/1998
170,Rickard,Dewhurst,rdewhurst4p@facebook.com,69 Havey Pass,New York City,New York,10131,
171,Jacenta,Hadlington,jhadlington4q@1688.com,88935 Sutherland Drive,Brooklyn,New York,11254,
172,Karole,Jozefowicz,kjozefowicz4r@discuz.net,17957 Spaight Circle,Baltimore,Maryland,21282,
173,Bonnee,Hinder,,79589 Pepper Wood Terrace,Colorado Springs,Colorado,80915,
174,Dolli,Ratcliffe,dratcliffe4t@creativecommons.org,3 Heffernan Hill,Bridgeport,Connecticut,06673,1/14/1943
175,Borden,Focke,bfocke4u@cocolog-nifty.com,3 Vidon Court,Jackson,Mississippi,39236,
176,Jonell,Struss,jstruss4v@ucsd.edu,874 Talmadge Drive,Charleston,West Virginia,25321,
177,Halimeda,Romushkin,hromushkin4w@dailymail.co.uk,55 Alpine Junction,Philadelphia,Pennsylvania,19109,
178,Rycca,Harpham,rharpham4x@psu.edu,3029 Amoth Lane,Gainesville,Florida,32605,2/11/1958
179,Jakie,Divver,jdivver4y@tiny.cc,9978 Cardinal Plaza,Los Angeles,California,90076,
180,Frasquito,Fedoronko,ffedoronko4z@aboutads.info,38444 Elgar Terrace,Port Charlotte,Florida,33954,
181,Bernadene,Gurnay,bgurnay50@loc.gov,388 Arapahoe Center,Macon,Georgia,31205,12/11/1967
182,Morten,Bicksteth,mbicksteth51@lulu.com,26 Artisan Trail,Birmingham,Alabama,35205,
183,Theodor,Vink,tvink52@facebook.com,6734 Maple Wood Hill,South Bend,Indiana,46614,7/6/1972
184,Galvan,Towse,gtowse53@flickr.com,571 Rieder Crossing,Washington,District of Columbia,20397,
185,Carilyn,Tithecote,ctithecote54@unblog.fr,836 Fairfield Circle,Dallas,Texas,75231,5/2/1948
186,Jessica,Bow,jbow55@harvard.edu,5 Spaight Court,Bakersfield,California,93381,
187,Kellen,Verson,kverson56@wisc.edu,5 Loomis Point,Kansas City,Kansas,66160,3/17/1967
188,Penn,Rosettini,prosettini57@virginia.edu,574 Sheridan Place,Colorado Springs,Colorado,80940,7/26/1945
189,Araldo,Attwool,aattwool58@army.mil,81153 Kipling Center,Reno,Nevada,89505,9/30/1942
190,Chester,Shreenan,,05602 Roth Center,Lake Worth,Florida,33462,
191,Babita,Vasiljevic,bvasiljevic5a@i2i.jp,1982 Brentwood Crossing,Sunnyvale,California,94089,
192,Starlin,Frensch,sfrensch5b@facebook.com,2 Eggendart Terrace,Wilmington,North Carolina,28410,
193,Llywellyn,Orys,lorys5c@telegraph.co.uk,30 Judy Way,Dallas,Texas,75358,
194,Shalom,Olivelli,solivelli5d@mapy.cz,5 Kinsman Junction,Santa Cruz,California,95064,1/7/1986
195,Alistair,Godden,agodden5e@psu.edu,82911 Carberry Terrace,Memphis,Tennessee,38109,
196,Brucie,Paladino,bpaladino5f@instagram.com,81924 Delaware Plaza,Huntsville,Texas,77343,12/10/1955
197,Filberte,Kerfod,fkerfod5g@kickstarter.com,3907 Rowland Hill,Shreveport,Louisiana,71115,9/11/1991
198,Read,Mallalieu,,188 Steensland Place,Nashville,Tennessee,37205,
199,Towny,Coulthard,tcoulthard5i@state.gov,94 Mallory Plaza,Riverside,California,92513,5/5/1990
200,Deonne,Tomasek,,9333 Loftsgordon Point,El Paso,Texas,88530,7/9/1945
201,Josefa,Mauvin,jmauvin5k@imgur.com,284 Fair Oaks Terrace,Salt Lake City,Utah,84125,
202,Sonnie,Side,sside5l@cocolog-nifty.com,862 Sutherland Crossing,Hartford,Connecticut,06140,5/11/1991
203,Nil,Felmingham,nfelmingham5m@imgur.com,2 Mitchell Street,Oklahoma City,Oklahoma,73109,10/9/1990
204,Gerty,Alcock,galcock5n@apache.org,160 Petterle Plaza,Anaheim,California,92805,
205,Tab,Nockolds,tnockolds5o@tinypic.com,0 Nobel Plaza,Kansas City,Missouri,64144,
206,Lyndsey,Boich,lboich5p@ihg.com,578 Onsgard Hill,Charleston,West Virginia,25305,4/1/1991
207,Georgia,Crate,gcrate5q@domainmarket.com,07000 Waubesa Drive,New York City,New York,10115,2/10/1964
208,Shelia,Brownsword,sbrownsword5r@scientificamerican.com,251 Armistice Parkway,Corona,California,92878,11/8/1996
209,Marcie,Simek,msimek5s@guardian.co.uk,807 Westerfield Place,Boston,Massachusetts,02119,11/10/1967
210,Orland,Forsey,oforsey5t@blinklist.com,91 Acker Junction,Sacramento,California,94245,4/30/1987
211,Drusy,Seeney,,8197 Valley Edge Parkway,New Haven,Connecticut,06510,12/20/1979
212,Didi,Poytheras,dpoytheras5v@tmall.com,440 Farwell Way,Danbury,Connecticut,06816,
213,Tuckie,Jickells,tjickells5w@photobucket.com,8 Tennessee Place,Galveston,Texas,77554,6/19/1970
214,Krystal,Goodban,kgoodban5x@un.org,10 Debra Crossing,Corpus Christi,Texas,78405,11/21/1948
215,Fayre,Minnock,fminnock5y@amazon.co.jp,60 Mendota Point,Buffalo,New York,14276,11/24/1957
216,Ethelind,Penticost,,72 Hollow Ridge Crossing,Baton Rouge,Louisiana,70820,6/14/1974
217,Jolyn,Convery,jconvery60@hatena.ne.jp,6 Sunnyside Terrace,Ann Arbor,Michigan,48107,1/30/1947
218,Brose,Blemings,,4695 Jenna Alley,Mount Vernon,New York,10557,12/31/1975
219,Kellina,Lyston,klyston62@answers.com,6663 Southridge Pass,Saint Louis,Missouri,63180,4/10/1972
220,Merry,Vasin,mvasin63@mashable.com,33 Mccormick Pass,Louisville,Kentucky,40250,2/12/1980
221,Klement,Lamb,klamb64@fema.gov,040 Oxford Lane,Greenville,South Carolina,29605,
222,Clayborn,Sevitt,csevitt65@europa.eu,771 Springs Point,Sacramento,California,94237,12/3/1974
223,Weston,Wurst,wwurst66@weather.com,203 2nd Court,Lansing,Michigan,48956,
224,Rica,Chalcraft,rchalcraft67@hibu.com,31 Cherokee Trail,El Paso,Texas,88558,2/28/1994
225,Vivianna,Croshaw,vcroshaw68@netscape.com,51 Rowland Plaza,Cincinnati,Ohio,45238,7/12/1948
226,Carly,Oxbe,coxbe69@microsoft.com,44 Continental Park,Charlotte,North Carolina,28289,6/13/1997
227,Carlin,Kearn,ckearn6a@dot.gov,609 Lyons Street,New York City,New York,10079,
228,Rosie,Clout,,2 David Court,Huntington Beach,California,92648,4/25/1992
229,Chucho,Worsell,cworsell6c@barnesandnoble.com,4726 Birchwood Crossing,Saint Petersburg,Florida,33710,4/28/1979
230,Spense,Vasyuchov,svasyuchov6d@hexun.com,5008 Pond Trail,Carson City,Nevada,89706,
231,Ely,Massot,emassot6e@google.es,4735 Tennyson Pass,Milwaukee,Wisconsin,53285,
232,Beverie,Insworth,binsworth6f@facebook.com,9441 Village Alley,Katy,Texas,77493,
233,Kellie,Creber,kcreber6g@histats.com,2 Monterey Crossing,Henderson,Nevada,89074,10/20/1967
234,Rebecca,Dukelow,rdukelow6h@ocn.ne.jp,45 Banding Trail,Boston,Massachusetts,02216,
235,Trudey,Battye,tbattye6i@mail.ru,280 Rutledge Terrace,Albuquerque,New Mexico,87180,9/7/1961
236,Christoffer,Wheowall,cwheowall6j@deliciousdays.com,7253 Mendota Lane,San Jose,California,95108,
237,Kiele,Threadgall,kthreadgall6k@bbb.org,18703 Ohio Center,Cincinnati,Ohio,45296,
238,Maddy,Masseo,mmasseo6l@google.pl,0 Rockefeller Lane,Spring,Texas,77388,12/27/1986
239,Amalie,Ashelford,aashelford6m@blogger.com,570 Hoard Place,Vienna,Virginia,22184,5/21/1958
240,Jennifer,Fuster,jfuster6n@ed.gov,80390 Derek Avenue,Monticello,Minnesota,55565,
241,Emili,Teague,eteague6o@deviantart.com,865 Karstens Plaza,Tucson,Arizona,85710,1/4/1969
242,Netty,Gwynn,ngwynn6p@independent.co.uk,09557 Nevada Point,Omaha,Nebraska,68179,11/19/1996
243,Dyanne,Ockendon,dockendon6q@myspace.com,5 Wayridge Avenue,Phoenix,Arizona,85083,5/1/1983
244,Nefen,Roggers,nroggers6r@4shared.com,2691 Hoard Way,Houston,Texas,77090,
245,Stanislaus,Butcher,sbutcher6s@wix.com,93089 Fairfield Pass,Bakersfield,California,93399,
246,Ira,Rix,irix6t@elpais.com,68 Dwight Street,Denver,Colorado,80243,1/18/1958
247,Marlon,Eite,,74460 Cody Park,Macon,Georgia,31210,2/23/1964
248,Claudetta,Jansens,,2 Hoffman Terrace,Des Moines,Iowa,50305,6/13/1987
249,Sheff,Stickney,sstickney6w@trellian.com,28713 Artisan Place,Washington,District of Columbia,20005,
250,Jenine,Meni,,7334 Dovetail Terrace,Kansas City,Missouri,64199,10/8/1975
251,Gerhard,Applewhaite,gapplewhaite6y@sciencedirect.com,2812 Dayton Court,New Bedford,Massachusetts,02745,7/23/1978
252,Alia,Pennetta,apennetta6z@whitehouse.gov,02 Carioca Circle,Charleston,West Virginia,25326,12/6/1944
253,Rickard,Lysaght,rlysaght70@ovh.net,00904 Rockefeller Hill,Birmingham,Alabama,35215,1/16/1974
254,Gussie,Vidineev,gvidineev71@bigcartel.com,3 Twin Pines Trail,Raleigh,North Carolina,27621,1/2/1962
255,Joanna,Birrell,jbirrell72@list-manage.com,60137 Cascade Center,Virginia Beach,Virginia,23454,9/23/1964
256,Rae,Dorling,rdorling73@hud.gov,6 Weeping Birch Parkway,Cleveland,Ohio,44118,
257,Valli,Hamshaw,vhamshaw74@homestead.com,7 Westend Trail,Miami,Florida,33283,
258,Mallory,Dadge,mdadge75@webmd.com,7179 Atwood Center,Springfield,Virginia,22156,
259,Stafford,McBoyle,smcboyle76@exblog.jp,2 Mosinee Plaza,Mobile,Alabama,36622,
260,Madelene,Ashpole,mashpole77@seattletimes.com,564 Eagan Avenue,Madison,Wisconsin,53726,2/5/1992
261,Broderic,Houlson,bhoulson78@mlb.com,49995 Menomonie Way,Northridge,California,91328,7/4/1966
262,Clotilda,Vossing,cvossing79@seesaa.net,9 Longview Road,Lancaster,Pennsylvania,17605,3/23/1977
263,Hoebart,Rosas,hrosas7a@noaa.gov,14998 Randy Park,Jefferson City,Missouri,65110,7/16/1985
264,Brier,Christy,bchristy7b@wiley.com,412 Gulseth Circle,Columbus,Ohio,43220,5/3/1956
265,Duff,Almon,,999 Canary Drive,Pasadena,California,91109,3/4/1990
266,Annabell,Rodmell,arodmell7d@washingtonpost.com,21564 Northview Lane,Madison,Wisconsin,53790,8/20/1957
267,Kendal,Geare,kgeare7e@last.fm,64970 Milwaukee Park,Saint Petersburg,Florida,33737,4/15/1942
268,Deanna,Meekins,,94385 Lakewood Gardens Circle,El Paso,Texas,79968,9/14/1942
269,Tine,Bubbear,tbubbear7g@youku.com,37 Pierstorff Alley,Atlanta,Georgia,30328,11/10/1975
270,Coriss,Poskitt,cposkitt7h@so-net.ne.jp,920 Monument Pass,Philadelphia,Pennsylvania,19196,12/31/1948
271,Travus,Glazzard,tglazzard7i@census.gov,9716 Glendale Circle,Richmond,Virginia,23220,
272,Gerek,Hateley,ghateley7j@sina.com.cn,536 Charing Cross Avenue,Shreveport,Louisiana,71130,5/31/1981
273,Lorne,Dust,ldust7k@miibeian.gov.cn,60305 Glacier Hill Way,Midland,Texas,79705,
274,Althea,Hentze,ahentze7l@ycombinator.com,209 Oriole Alley,San Antonio,Texas,78260,1/28/1980
275,Di,Moule,dmoule7m@walmart.com,4 Farwell Hill,Herndon,Virginia,22070,8/10/1990
276,Boote,Frissell,bfrissell7n@spotify.com,00431 Rieder Place,Honolulu,Hawaii,96845,2/19/1959
277,Dietrich,Menico,dmenico7o@baidu.com,84 Arapahoe Street,Denver,Colorado,80223,4/1/1958
278,Boothe,Gane,bgane7p@wikispaces.com,300 Reindahl Hill,Wichita,Kansas,67260,9/4/1941
279,Gerhardine,Wennington,gwennington7q@dropbox.com,46 Rieder Avenue,Portsmouth,Virginia,23705,
280,Britni,Gebhard,bgebhard7r@sourceforge.net,05 Schurz Terrace,Dallas,Texas,75226,7/14/1961
281,Chelsae,Fewster,cfewster7s@amazon.co.jp,32 Golden Leaf Drive,Colorado Springs,Colorado,80905,9/22/1951
282,Lanny,Scapelhorn,lscapelhorn7t@sciencedaily.com,8 Algoma Trail,Pocatello,Idaho,83206,10/10/1998
283,Hank,Hellicar,hhellicar7u@theglobeandmail.com,78 Welch Street,Milwaukee,Wisconsin,53277,2/23/1947
284,Camilla,Dossettor,cdossettor7v@nhs.uk,1337 Stoughton Circle,Lynchburg,Virginia,24503,10/15/1976
285,Maxwell,Bloxholm,,762 Sommers Pass,San Jose,California,95133,12/19/1960
286,Sonnie,Simchenko,,9884 Granby Drive,Sioux Falls,South Dakota,57188,
287,Jenny,Chetwynd,jchetwynd7y@ucoz.ru,067 Florence Street,Jacksonville,Florida,32204,12/15/1981
288,Ginelle,Lurriman,glurriman7z@skype.com,5790 Farragut Avenue,Aiken,South Carolina,29805,8/21/1985
289,Catharine,Dionisi,cdionisi80@wikia.com,22519 Oak Valley Circle,Long Beach,California,90840,2/18/1992
290,Brianne,Verrell,bverrell81@lycos.com,6928 Talisman Road,Orlando,Florida,32830,
291,Selina,Browncey,sbrowncey82@a8.net,5 Eastwood Avenue,Columbus,Georgia,31998,3/14/1977
292,Ignazio,Brazelton,ibrazelton83@technorati.com,1 Vermont Plaza,Albuquerque,New Mexico,87105,
293,Linnet,Flegg,,222 Sachs Place,Aurora,Colorado,80045,5/29/1950
294,Margit,Britch,mbritch85@ifeng.com,36 Gina Terrace,Washington,District of Columbia,20057,1/1/1977
295,Malissa,Lunn,mlunn86@businessinsider.com,2 Bartillon Junction,Jacksonville,Florida,32236,
296,Llewellyn,Cunnane,lcunnane87@issuu.com,0 Mcguire Trail,New York City,New York,10125,
297,Roscoe,Realff,rrealff88@skype.com,9 Kingsford Court,Sandy,Utah,84093,7/5/1948
298,Yves,Litchmore,ylitchmore89@altervista.org,0021 Old Gate Way,Saint Paul,Minnesota,55172,4/10/1975
299,Janela,Walne,jwalne8a@privacy.gov.au,730 Hoffman Parkway,Oklahoma City,Oklahoma,73179,
300,Jobina,Morrice,jmorrice8b@ehow.com,75633 Dottie Pass,Garland,Texas,75049,11/6/1942
301,Shaine,Hynard,shynard8c@ucoz.com,5107 Corry Park,Sterling,Virginia,20167,12/1/1945
302,Adriano,Bredes,abredes8d@comsenz.com,1731 Merchant Court,Charlotte,North Carolina,28215,
303,Nara,Bassick,nbassick8e@yahoo.co.jp,382 Thierer Court,Glendale,Arizona,85305,4/20/1999
304,Britta,Cromblehome,bcromblehome8f@ca.gov,3 Independence Hill,Atlanta,Georgia,31119,
305,Althea,Strewthers,astrewthers8g@thetimes.co.uk,200 Lunder Circle,Fort Smith,Arkansas,72905,
306,Corine,Porrett,,98 Bayside Plaza,Houston,Texas,77293,11/22/1990
307,Elsa,Toulch,etoulch8i@hatena.ne.jp,030 Ridgeway Place,New York City,New York,10090,
308,Basia,Bensley,bbensley8j@cnn.com,6 Jenna Park,Battle Creek,Michigan,49018,
309,Eddi,Francescozzi,efrancescozzi8k@booking.com,7350 2nd Court,Fort Wayne,Indiana,46814,5/4/1941
310,Pinchas,Stallibrass,pstallibrass8l@guardian.co.uk,9 Havey Junction,Topeka,Kansas,66642,11/15/1942
311,Doro,Sam,dsam8m@twitter.com,63 Aberg Hill,Austin,Texas,78721,1/14/1970
312,Mareah,Methingam,mmethingam8n@symantec.com,804 Pepper Wood Hill,Durham,North Carolina,27710,
313,Kare,Cranefield,kcranefield8o@mapquest.com,29 Bashford Point,Phoenix,Arizona,85025,3/20/1975
314,Deina,Rossander,drossander8p@smugmug.com,449 Paget Place,New York City,New York,10079,5/30/1974
315,Bree,Loveitt,bloveitt8q@home.pl,5751 Mcguire Way,Hampton,Virginia,23668,12/20/1966
316,Sibyl,MacDonnell,smacdonnell8r@europa.eu,6 Hovde Avenue,Saint Augustine,Florida,32092,12/27/1999
317,Cinderella,Mocher,cmocher8s@studiopress.com,5797 Washington Street,North Hollywood,California,91606,4/10/1991
318,Olly,Brodhead,obrodhead8t@studiopress.com,110 Pine View Trail,Saint Petersburg,Florida,33710,
319,Sly,Philbin,sphilbin8u@sina.com.cn,652 Vahlen Avenue,Palo Alto,California,94302,
320,Winifred,Ganniclifft,wganniclifft8v@slashdot.org,1 Welch Alley,San Diego,California,92191,9/23/1956
321,Iago,Panton,ipanton8w@bloomberg.com,17 Linden Plaza,Fort Wayne,Indiana,46862,
322,Zechariah,Sarsons,zsarsons8x@123-reg.co.uk,2280 Rieder Terrace,Houston,Texas,77095,6/10/1948
323,Nadine,Harp,,93017 Dennis Terrace,Hartford,Connecticut,06105,
324,Louisette,Attride,,321 Granby Avenue,Phoenix,Arizona,85010,12/10/1957
325,Elia,Brea,ebrea90@jugem.jp,032 Starling Lane,Austin,Texas,78721,
326,Pablo,Olin,polin91@who.int,1 Cascade Terrace,San Diego,California,92110,
327,Ettore,Cronk,ecronk92@msu.edu,34676 Myrtle Alley,Rochester,New York,14614,9/3/1943
328,Bail,Dunbobin,bdunbobin93@liveinternet.ru,070 Grasskamp Parkway,Shreveport,Louisiana,71130,4/19/1941
329,Blythe,Tape,btape94@xing.com,714 Manitowish Park,Monticello,Minnesota,55585,
330,Malynda,Dorro,mdorro95@live.com,3147 Parkside Avenue,Naples,Florida,33963,
331,Morgen,Lusher,mlusher96@ycombinator.com,6 Leroy Lane,Charleston,West Virginia,25336,
332,Ollie,Doneld,odoneld97@dedecms.com,138 Lindbergh Point,Washington,District of Columbia,20067,9/4/1940
333,Siusan,Mandrey,smandrey98@qq.com,484 Stoughton Hill,Olympia,Washington,98516,7/26/1979
334,Ruthi,Tolliday,rtolliday99@scribd.com,23 Clemons Plaza,Oklahoma City,Oklahoma,73129,4/15/1970
335,Della,Cohalan,dcohalan9a@bing.com,248 Hazelcrest Drive,Raleigh,North Carolina,27615,8/3/1980
336,Karlotte,Meineck,kmeineck9b@nps.gov,40033 Green Street,Athens,Georgia,30605,4/13/1956
337,Jacinta,Russe,jrusse9c@craigslist.org,67 Briar Crest Terrace,Richmond,Virginia,23208,4/7/1952
338,Goldie,McNellis,gmcnellis9d@webmd.com,5 Sachs Hill,Austin,Texas,78759,
339,Ali,Hempshall,ahempshall9e@geocities.jp,594 Mendota Hill,Louisville,Kentucky,40266,
340,Godiva,Cavolini,gcavolini9f@mit.edu,5678 Brickson Park Junction,Fort Lauderdale,Florida,33320,1/15/1999
341,Nonie,Dmytryk,ndmytryk9g@accuweather.com,7 Hanson Way,Charlotte,North Carolina,28263,9/18/1955
342,Fanny,Debnam,fdebnam9h@techcrunch.com,7 Mayfield Hill,Santa Fe,New Mexico,87505,
343,Dalia,Downse,ddownse9i@japanpost.jp,7248 Bowman Court,Fresno,California,93794,
344,Penelopa,Pentlow,ppentlow9j@soundcloud.com,677 Dryden Trail,El Paso,Texas,79950,10/22/1964
345,Tomkin,Grent,tgrent9k@networkadvertising.org,93952 Sloan Point,Burbank,California,91520,
346,Sheelah,Yo,syo9l@1und1.de,940 Eagan Center,Durham,North Carolina,27710,11/18/1995
347,Ayn,Titherington,atitherington9m@newsvine.com,7 Sloan Pass,Miami,Florida,33196,5/18/1979
348,Florenza,Kernar,fkernar9n@meetup.com,8 Gina Court,Gary,Indiana,46406,7/20/1969
349,Cathee,Galpin,cgalpin9o@ow.ly,14429 Kipling Road,Washington,District of Columbia,20036,
350,Kathy,Blasik,kblasik9p@acquirethisname.com,8 Derek Drive,Shawnee Mission,Kansas,66276,8/12/1986
351,Sarah,Peyto,speyto9q@stanford.edu,6873 Delladonna Parkway,Pasadena,Texas,77505,9/13/1948
352,Ramon,Kilvington,rkilvington9r@home.pl,0114 Reinke Drive,Huntington Beach,California,92648,1/22/1999
353,Ivy,Bortolutti,,3722 Rockefeller Hill,Fort Smith,Arkansas,72916,
354,Debby,Davidsson,ddavidsson9t@miibeian.gov.cn,0342 Annamark Terrace,Providence,Rhode Island,02912,10/7/1985
355,Con,Kail,ckail9u@dyndns.org,679 Florence Street,Tacoma,Washington,98481,
356,Amalia,Rraundl,arraundl9v@msn.com,58963 North Court,Tampa,Florida,33680,2/18/1978
357,Herc,Zannotelli,,585 Browning Road,Pittsburgh,Pennsylvania,15250,6/12/1986
358,Aretha,Rowlett,arowlett9x@springer.com,23591 Victoria Hill,Santa Fe,New Mexico,87592,
359,Adella,Gaskell,agaskell9y@wiley.com,383 Laurel Parkway,Yonkers,New York,10705,4/14/1955
360,Nevins,Johnsey,,00 Myrtle Avenue,Canton,Ohio,44760,3/7/1988
361,Candis,Marion,cmariona0@google.co.uk,5071 Thompson Pass,Bloomington,Indiana,47405,
362,Ethan,Clewarth,eclewartha1@yellowbook.com,36306 Myrtle Terrace,Panama City,Florida,32412,1/20/1945
363,Tomasine,Vousden,tvousdena2@uiuc.edu,476 Mayer Crossing,Naperville,Illinois,60567,
364,Elnar,Castellini,ecastellinia3@reuters.com,23 Fisk Alley,Honolulu,Hawaii,96820,12/25/1994
365,Ardella,Cannell,acannella4@desdev.cn,69527 Heffernan Avenue,Akron,Ohio,44393,3/5/1997
366,Shawnee,Conyer,sconyera5@google.com.br,2 Johnson Parkway,Billings,Montana,59112,1/17/1987
367,Rodie,Roome,rroomea6@house.gov,11 Dwight Center,Montgomery,Alabama,36119,2/3/1962
368,Arv,Enders,aendersa7@wikimedia.org,5643 Packers Lane,Houston,Texas,77223,
369,Glenda,Drury,gdrurya8@theguardian.com,9785 Comanche Avenue,Columbus,Ohio,43284,4/7/1968
370,Germana,McKitterick,gmckittericka9@mac.com,9619 Moulton Hill,Tampa,Florida,33686,
371,Emmet,McGlaud,emcglaudaa@upenn.edu,94275 Rockefeller Parkway,Myrtle Beach,South Carolina,29579,8/2/1999
372,Mollie,Holyland,mholylandab@marketwatch.com,73313 Fairfield Place,Arlington,Virginia,22205,2/23/1968
373,Gertruda,Swatradge,gswatradgeac@1und1.de,213 Saint Paul Court,Los Angeles,California,90015,8/29/1955
374,Kendall,Ropert,kropertad@telegraph.co.uk,60943 Alpine Street,Boise,Idaho,83705,11/22/1980
375,Irita,Studders,istuddersae@prnewswire.com,1 Reindahl Pass,Kansas City,Kansas,66160,3/3/1953
376,Bunni,Kubacki,bkubackiaf@nifty.com,185 Schlimgen Terrace,Boulder,Colorado,80328,
377,Dannie,Zottoli,dzottoliag@rediff.com,9 Carpenter Street,Nashville,Tennessee,37245,6/22/1943
378,Tricia,Ely,telyah@ca.gov,9749 6th Crossing,Littleton,Colorado,80161,
379,Alejandra,Mattityahou,amattityahouai@freewebs.com,8 Jenifer Plaza,Stamford,Connecticut,06905,
380,Valma,Markwelley,vmarkwelleyaj@pinterest.com,5888 Loomis Drive,Phoenix,Arizona,85083,5/14/1994
381,Arel,Pocke,apockeak@princeton.edu,60 Claremont Terrace,El Paso,Texas,79945,
382,Chloe,Culleton,cculletonal@storify.com,2675 Johnson Crossing,San Jose,California,95113,
383,Clyde,Yeude,cyeudeam@geocities.com,72658 5th Pass,Roanoke,Virginia,24029,4/7/1952
384,Lanette,Chislett,lchislettan@toplist.cz,7996 Westridge Court,Bronx,New York,10464,4/27/1995
385,Aryn,Attack,,810 Nevada Pass,Jamaica,New York,11480,7/6/1988
386,Laura,McGerr,lmcgerrap@desdev.cn,51680 Elmside Center,Cleveland,Ohio,44177,6/3/1958
387,Sibella,Flintoft,sflintoftaq@shinystat.com,195 Gerald Crossing,New York City,New York,10029,2/23/1992
388,Vanda,Tomaskunas,,269 Bultman Junction,Washington,District of Columbia,20010,11/29/1940
389,Susy,Doale,sdoaleas@walmart.com,9308 Morningstar Road,Washington,District of Columbia,20299,
390,Alastair,Gonnard,agonnardat@desdev.cn,715 Sunfield Place,Fort Wayne,Indiana,46814,5/1/1977
391,Ludwig,Lantiffe,,0166 Browning Hill,Mobile,Alabama,36628,
392,Raye,Wheeler,rwheelerav@newyorker.com,6702 Del Sol Trail,San Francisco,California,94110,
393,Layney,Pummell,lpummellaw@themeforest.net,158 Randy Park,Modesto,California,95354,2/27/1985
394,Sheilakathryn,Bradfield,sbradfieldax@indiegogo.com,5923 Chinook Lane,Midland,Texas,79710,4/24/1957
395,Isabelita,Scain,iscainay@acquirethisname.com,808 School Junction,Sarasota,Florida,34238,10/11/1980
396,Kelci,Dumsday,kdumsdayaz@bluehost.com,755 Kingsford Center,Dallas,Texas,75310,
397,Linette,Commings,lcommingsb0@uiuc.edu,3 Clyde Gallagher Alley,Richmond,California,94807,6/22/1999
398,Tawsha,Richly,,3 Continental Place,Alexandria,Virginia,22313,12/4/1992
399,Bessie,Orrick,borrickb2@cocolog-nifty.com,90493 Bunting Park,Harrisburg,Pennsylvania,17110,9/28/1978
400,Ruthie,Evelyn,revelynb3@oracle.com,213 Glacier Hill Street,Los Angeles,California,90055,
401,Ulrick,Jarmaine,ujarmaineb4@google.it,9969 Forest Plaza,Roanoke,Virginia,24014,5/24/1999
402,Ganny,Drysdell,gdrysdellb5@arizona.edu,40718 Huxley Terrace,Minneapolis,Minnesota,55407,6/12/1973
403,Pattie,Wisker,pwiskerb6@sakura.ne.jp,66495 Buhler Court,San Jose,California,95133,11/9/1978
404,Diandra,Penn,dpennb7@altervista.org,447 Tony Lane,Orlando,Florida,32819,8/5/1945
405,Beitris,Titmarsh,,2 Thackeray Drive,San Francisco,California,94126,2/17/1990
406,Chelsy,Walch,cwalchb9@barnesandnoble.com,46393 Evergreen Alley,Saint Cloud,Minnesota,56372,8/2/1953
407,Garik,Illwell,gillwellba@mozilla.com,480 Artisan Junction,Las Vegas,Nevada,89125,
408,Katerina,Larcier,klarcierbb@google.co.jp,2 Armistice Drive,Falls Church,Virginia,22047,9/15/1961
409,Louisette,Draper,ldraperbc@diigo.com,18 Havey Lane,Pasadena,California,91117,11/22/1963
410,Gideon,Haldenby,ghaldenbybd@timesonline.co.uk,89 Lerdahl Center,Saint Louis,Missouri,63169,8/23/1998
411,Aubrey,Sleeny,asleenybe@opensource.org,610 Sunbrook Terrace,Oklahoma City,Oklahoma,73190,
412,Kliment,Bonnor,kbonnorbf@sfgate.com,44996 International Trail,New Orleans,Louisiana,70183,
413,Gianina,Tingley,gtingleybg@dagondesign.com,570 Porter Circle,Orlando,Florida,32825,
414,Tessy,Mattevi,tmattevibh@scientificamerican.com,7232 Sunbrook Court,Seattle,Washington,98109,4/12/1976
415,Cobbie,Greeding,cgreedingbi@nps.gov,306 Dahle Parkway,Palmdale,California,93591,
416,Brooke,Ventris,,20183 Springs Court,Pensacola,Florida,32590,
417,Wilmer,Scroyton,wscroytonbk@answers.com,06585 American Ash Road,Seattle,Washington,98109,2/4/1994
418,Lesley,Chillistone,lchillistonebl@uiuc.edu,96617 Dahle Road,Lafayette,Louisiana,70593,5/4/1971
419,Orren,Methringham,,73 Prairieview Center,New Brunswick,New Jersey,08922,
420,Nesta,Fishpond,nfishpondbn@ow.ly,2 Becker Terrace,Minneapolis,Minnesota,55423,4/19/1946
421,Adolph,Zorzoni,azorzonibo@illinois.edu,81374 Huxley Road,Washington,District of Columbia,20036,4/27/1998
422,Mendie,Harper,,1858 Bartelt Alley,Amarillo,Texas,79105,7/30/1986
423,Ursula,Lissaman,ulissamanbq@over-blog.com,16739 Mosinee Road,Philadelphia,Pennsylvania,19125,11/11/1978
424,Marjory,Nannizzi,mnannizzibr@narod.ru,0 Bartillon Drive,Woburn,Massachusetts,01813,
425,Noni,Blazey,nblazeybs@msn.com,83 Elmside Place,Houston,Texas,77281,
426,Arlen,Bilsborrow,abilsborrowbt@prweb.com,7 Independence Court,Minneapolis,Minnesota,55487,1/22/1989
427,Averil,Cattonnet,acattonnetbu@nps.gov,23984 Muir Hill,Greensboro,North Carolina,27455,4/22/1994
428,Sela,Van der Beken,svanderbekenbv@jiathis.com,12 Kings Park,Amarillo,Texas,79116,8/23/1961
429,Kennedy,Cunney,kcunneybw@diigo.com,760 Anniversary Street,Richmond,Virginia,23228,
430,Corinna,Ragbourne,cragbournebx@ebay.com,35 Birchwood Alley,Englewood,Colorado,80150,7/29/1946
431,Reena,Ramsted,rramstedby@cmu.edu,52 Lotheville Crossing,Oklahoma City,Oklahoma,73142,2/7/1984
432,Jacquenetta,Caisley,jcaisleybz@blogspot.com,4 Waywood Parkway,San Antonio,Texas,78296,7/27/1947
433,Adiana,Tuer,atuerc0@unc.edu,730 Hoffman Circle,Columbus,Ohio,43204,4/24/1993
434,Maddie,Earlam,mearlamc1@ftc.gov,6380 Katie Plaza,Honolulu,Hawaii,96815,
435,Sherilyn,Budgen,sbudgenc2@xing.com,0889 Huxley Way,Boulder,Colorado,80310,6/9/1957
436,Martita,Cosyns,mcosynsc3@japanpost.jp,796 Anthes Park,Huntington,West Virginia,25726,6/19/1976
437,Mellisent,Hadlow,mhadlowc4@t.co,86746 Miller Road,New Brunswick,New Jersey,08922,5/11/1950
438,Bryn,Pleven,bplevenc5@who.int,3 Charing Cross Place,Las Vegas,Nevada,89120,12/21/1950
439,Connor,Marsy,cmarsyc6@liveinternet.ru,99102 Harbort Center,Burbank,California,91520,
440,Brittni,Lindeboom,blindeboomc7@amazon.com,630 Stuart Court,Mansfield,Ohio,44905,
441,Abbie,Bridden,abriddenc8@dmoz.org,5 Hanson Street,Buffalo,New York,14225,6/15/1964
442,Robb,Juszczyk,rjuszczykc9@indiatimes.com,78225 Reinke Plaza,Long Beach,California,90847,8/17/1996
443,Georas,Karppi,gkarppica@addtoany.com,83664 Corben Road,New York City,New York,10090,1/29/1995
444,Lannie,Tice,lticecb@ca.gov,649 International Terrace,Santa Fe,New Mexico,87592,4/13/1972
445,Aili,Killich,akillichcc@foxnews.com,3 Sheridan Alley,Hot Springs National Park,Arkansas,71914,
446,Ring,Markwelley,rmarkwelleycd@pinterest.com,84135 Corben Point,El Paso,Texas,88579,11/12/1975
447,Christophorus,Macura,cmacurace@ezinearticles.com,25882 Oxford Parkway,Jamaica,New York,11431,11/2/1947
448,Ciro,Ogilvy,cogilvycf@dailymotion.com,61138 Westridge Drive,Billings,Montana,59105,6/12/1976
449,Buddie,Woffinden,,76443 Green Point,Bradenton,Florida,34205,8/15/1973
450,Allianora,Prosser,aprosserch@dailymotion.com,54 Springs Circle,Santa Barbara,California,93111,
451,Jerrie,Dyball,jdyballci@163.com,897 Vera Avenue,Dayton,Ohio,45490,6/25/1958
452,Iolanthe,Hamerton,ihamertoncj@marketwatch.com,2 Bobwhite Court,Anchorage,Alaska,99512,
453,Tanney,Alti,taltick@nps.gov,0 Larry Pass,Washington,District of Columbia,20062,11/6/1998
454,Hilarius,Bowdon,hbowdoncl@wufoo.com,13 Fallview Trail,Detroit,Michigan,48258,
455,Luciano,Smieton,lsmietoncm@unesco.org,201 Rockefeller Road,Fullerton,California,92640,8/10/1959
456,Marena,Welling,mwellingcn@zimbio.com,6 Eggendart Drive,Wilmington,Delaware,19886,
457,Saba,Purchon,,292 Waxwing Parkway,Whittier,California,90610,
458,Luisa,Iacobetto,liacobettocp@usnews.com,6 Sherman Parkway,Farmington,Michigan,48335,9/29/1942
459,Nollie,Comino,,31008 Rutledge Plaza,Fresno,California,93715,10/20/1997
460,Yasmeen,Riddett,yriddettcr@hugedomains.com,222 Oak Valley Crossing,Albuquerque,New Mexico,87195,1/28/1961
461,Celestina,Pennycuick,cpennycuickcs@usda.gov,09871 Gerald Terrace,Toledo,Ohio,43615,5/5/1987
462,Sheba,Castle,scastlect@woothemes.com,4 Meadow Valley Trail,Louisville,Kentucky,40280,
463,Simeon,Braybrooks,sbraybrookscu@newyorker.com,138 Mayer Trail,Saint Petersburg,Florida,33705,
464,Kelly,Mcasparan,kmcasparancv@joomla.org,9 Gerald Center,Boise,Idaho,83757,
465,Pen,Bexon,pbexoncw@mozilla.com,89086 Huxley Alley,Norfolk,Virginia,23520,
466,Dom,Charter,dchartercx@google.co.jp,5505 Erie Way,Las Vegas,Nevada,89110,
467,Alfreda,Alldritt,,6 Menomonie Lane,Reno,Nevada,89550,4/7/1948
468,Bud,Eakens,beakenscz@telegraph.co.uk,6891 Porter Drive,El Paso,Texas,88589,
469,Neille,Thwaite,,5 Sugar Court,Colorado Springs,Colorado,80935,12/17/1985
470,Farrell,Averill,faverilld1@nasa.gov,19 Esch Terrace,Sacramento,California,94263,12/12/1992
471,Juliana,Paddie,jpaddied2@techcrunch.com,8820 Old Gate Road,New Orleans,Louisiana,70174,3/22/1947
472,Ase,Stowgill,,04045 Haas Street,Charleston,South Carolina,29411,10/26/1985
473,Zorana,Rizzardini,zrizzardinid4@skyrock.com,14641 Eastlawn Drive,Paterson,New Jersey,07544,
474,Hogan,Ballister,hballisterd5@topsy.com,427 Springview Lane,Las Vegas,Nevada,89115,
475,Ollie,Swinbourne,oswinbourned6@dell.com,3 Mitchell Place,San Francisco,California,94159,12/31/1951
476,Judon,Groarty,,83987 Barnett Hill,Erie,Pennsylvania,16505,
477,Alli,Bushell,abushelld8@alibaba.com,08374 Menomonie Way,Jamaica,New York,11470,
478,Felipe,Gilling,fgillingd9@irs.gov,42660 Buhler Circle,Wichita Falls,Texas,76305,12/17/1962
479,Josie,Swann,jswannda@google.es,9752 Fieldstone Avenue,Colorado Springs,Colorado,80940,8/22/1987
480,Erich,Scheffel,escheffeldb@moonfruit.com,1809 Mariners Cove Court,Las Vegas,Nevada,89145,
481,Bobine,Cleaton,,2 Farragut Park,Fresno,California,93721,10/16/1952
482,Berri,Marchello,bmarchellodd@spiegel.de,7 West Hill,Rochester,New York,14604,8/23/1967
483,Carmela,Presley,cpresleyde@1und1.de,1 Bay Avenue,Seattle,Washington,98175,
484,Monte,Dallman,mdallmandf@360.cn,8725 Oneill Terrace,Salt Lake City,Utah,84110,
485,Catharine,Lynch,clynchdg@joomla.org,3303 Trailsway Parkway,Allentown,Pennsylvania,18105,6/30/1981
486,Carlie,Cleugher,ccleugherdh@chron.com,97887 Bluejay Circle,Shawnee Mission,Kansas,66276,5/17/1962
487,Abbie,Fogarty,afogartydi@multiply.com,605 Bowman Alley,Philadelphia,Pennsylvania,19141,
488,Sawyere,Dovidaitis,sdovidaitisdj@nps.gov,3 Lakeland Center,Chicago,Illinois,60669,3/22/1998
489,Stefano,Tutsell,stutselldk@intel.com,99 Holy Cross Terrace,Rochester,New York,14646,4/12/1990
490,Corilla,Manifold,cmanifolddl@xrea.com,32287 Weeping Birch Court,Lafayette,Louisiana,70505,
491,Elga,Tedorenko,etedorenkodm@arstechnica.com,14 Riverside Crossing,Charlotte,North Carolina,28220,
492,Cherise,Buckbee,cbuckbeedn@furl.net,8 Bashford Hill,Philadelphia,Pennsylvania,19115,8/8/1998
493,Rosaline,Cary,rcarydo@over-blog.com,1445 Forest Drive,Denver,Colorado,80235,4/24/1967
494,Angil,Wilber,awilberdp@imdb.com,79 Corry Road,Gadsden,Alabama,35905,
495,Mervin,Sinnatt,msinnattdq@who.int,127 Cordelia Plaza,Sacramento,California,95865,11/23/1969
496,Morrie,Balcon,,11 Merry Alley,Oklahoma City,Oklahoma,73167,3/8/1980
497,Prudy,Baud,pbaudds@admin.ch,66827 Glacier Hill Circle,Portland,Oregon,97216,6/15/1989
498,Davy,Staley,dstaleydt@auda.org.au,5551 Carioca Alley,Atlanta,Georgia,30328,2/21/1970
499,Kenton,Cawthery,kcawtherydu@ucla.edu,37 Westerfield Pass,Santa Barbara,California,93150,2/9/1960
500,Ruperto,Bielby,rbielbydv@indiegogo.com,6571 Ronald Regan Court,Birmingham,Alabama,35263,5/31/1963
501,Sargent,Allday,salldaydw@cpanel.net,760 Dryden Road,Oakland,California,94616,
502,Dur,Schwandermann,dschwandermanndx@wired.com,0 Stephen Park,Houston,Texas,77075,
503,Glen,Dissman,gdissmandy@sohu.com,15406 Dapin Terrace,Fargo,North Dakota,58106,
504,Guinna,Loughlan,gloughlandz@hhs.gov,0 International Junction,Kansas City,Kansas,66160,
505,Ellery,Krabbe,,963 Harper Circle,Saint Petersburg,Florida,33737,
506,Aloysia,Pilsbury,apilsburye1@who.int,870 Ridge Oak Avenue,Houston,Texas,77212,1/9/1960
507,Aaren,Challice,achallicee2@nhs.uk,521 Calypso Parkway,El Paso,Texas,79999,11/2/1992
508,Rosy,Gormally,rgormallye3@amazon.co.uk,1 Buhler Terrace,Jamaica,New York,11480,6/18/1995
509,Roby,Stenett,rstenette4@mit.edu,926 Northridge Plaza,Naples,Florida,33961,
510,Aleta,Signoret,asignorete5@amazon.de,105 Summerview Terrace,Cincinnati,Ohio,45999,
511,Clemmie,Crothers,ccrotherse6@seesaa.net,33 Holy Cross Place,Evansville,Indiana,47719,
512,Alyson,Aspinall,aaspinalle7@unesco.org,864 Harbort Lane,Zephyrhills,Florida,33543,11/28/1985
513,Allx,Witling,awitlinge8@utexas.edu,4583 Nevada Park,Portland,Maine,04109,
514,Corilla,Trimbey,ctrimbeye9@kickstarter.com,5454 Vernon Circle,Panama City,Florida,32405,12/29/1982
515,Jobye,Mc-Kerley,jmckerleyea@weather.com,61465 Schmedeman Court,Fort Worth,Texas,76147,12/28/1976
516,Lorri,Cleve,lcleveeb@yahoo.co.jp,39 Truax Park,Hicksville,New York,11854,7/25/1987
517,Ginni,Newson,,1856 Eagle Crest Drive,Burbank,California,91505,10/26/1985
518,Annabela,Ambroix,aambroixed@businessweek.com,3170 Wayridge Plaza,Washington,District of Columbia,20231,
519,Olin,Fitzgerald,ofitzgeraldee@prnewswire.com,38101 Dennis Street,Fort Lauderdale,Florida,33315,7/8/1964
520,Bertine,Yggo,byggoef@seesaa.net,385 Meadow Ridge Parkway,Los Angeles,California,90045,
521,Joy,Willingale,jwillingaleeg@goo.ne.jp,0 Eagan Trail,Maple Plain,Minnesota,55572,
522,Elisha,Ashby,eashbyeh@hostgator.com,1 Roth Street,Pittsburgh,Pennsylvania,15261,3/20/1989
523,Gamaliel,Dobie,gdobieei@microsoft.com,1 Pearson Center,Greensboro,North Carolina,27425,3/17/1950
524,Yovonnda,Salmoni,ysalmoniej@spotify.com,6 Merchant Street,Mesquite,Texas,75185,1/9/1956
525,Bonnee,Vanns,bvannsek@vistaprint.com,7277 Orin Place,Brooklyn,New York,11241,
526,Sim,Roony,sroonyel@statcounter.com,6 Barnett Court,Philadelphia,Pennsylvania,19146,12/5/1998
527,Hansiain,Deniscke,hdenisckeem@soundcloud.com,55759 Hoffman Lane,Oklahoma City,Oklahoma,73157,8/3/1944
528,Wynn,Chatburn,wchatburnen@imdb.com,409 Mitchell Trail,New Orleans,Louisiana,70179,3/24/1948
529,Frederik,Enders,fenderseo@booking.com,747 Londonderry Parkway,Huntsville,Alabama,35815,2/25/1999
530,Adelice,Burdett,aburdettep@census.gov,59 Gulseth Circle,Tucson,Arizona,85705,5/13/1996
531,Carmelita,Coonihan,ccoonihaneq@usa.gov,76 Paget Plaza,Saint Paul,Minnesota,55108,5/30/1981
532,Beauregard,Wahncke,bwahnckeer@live.com,26 Buena Vista Terrace,Dayton,Ohio,45414,8/29/1941
533,Ozzy,Fawlks,ofawlkses@umich.edu,42 Bunker Hill Center,Brooklyn,New York,11254,10/28/1981
534,Mair,Chapier,mchapieret@t-online.de,52 Brown Court,Phoenix,Arizona,85099,8/28/1968
535,Ynez,Royall,yroyalleu@booking.com,6979 Walton Park,San Francisco,California,94169,6/4/1972
536,Talbot,Mackneis,tmackneisev@time.com,6110 Bashford Drive,Corpus Christi,Texas,78465,
537,Perl,Pulhoster,ppulhosterew@weibo.com,61619 Marquette Trail,Tyler,Texas,75710,1/17/1994
538,Emile,Hatton,ehattonex@squarespace.com,12731 Amoth Way,Newport News,Virginia,23605,9/12/1954
539,Shaun,Anyene,,5 3rd Point,Minneapolis,Minnesota,55402,
540,Scarlett,Larby,,8539 Wayridge Avenue,Houston,Texas,77055,
541,Elsworth,Shoubridge,,2 Luster Street,Van Nuys,California,91499,
542,Irma,Matei,imateif1@apple.com,57281 Johnson Parkway,Houston,Texas,77218,
543,Hattie,MacGowan,hmacgowanf2@bing.com,563 Mariners Cove Way,Wilmington,Delaware,19810,4/11/1960
544,Tallia,Waycott,twaycottf3@oakley.com,366 Hoffman Alley,Las Vegas,Nevada,89193,7/18/1959
545,Aurore,Broinlich,abroinlichf4@dyndns.org,245 Leroy Junction,Lexington,Kentucky,40546,6/15/1990
546,Shawnee,Dreelan,sdreelanf5@ca.gov,27366 Rutledge Way,Saint Petersburg,Florida,33737,
547,Avie,Shernock,ashernockf6@twitter.com,7 Longview Circle,Greensboro,North Carolina,27415,
548,Darsey,Marmon,dmarmonf7@oaic.gov.au,49406 Lukken Plaza,Chicago,Illinois,60657,
549,Inness,Dregan,idreganf8@umn.edu,45 Di Loreto Hill,Madison,Wisconsin,53790,
550,Leopold,Heersma,lheersmaf9@creativecommons.org,729 Rutledge Circle,Washington,District of Columbia,56944,7/23/1982
551,Katerine,Roskelley,kroskelleyfa@fda.gov,57 Holmberg Court,Atlanta,Georgia,30358,3/14/1946
552,Ozzie,Pugh,opughfb@hibu.com,12130 Aberg Road,Waco,Texas,76705,5/9/1985
553,Dorri,Wipper,dwipperfc@netlog.com,7275 Hollow Ridge Park,Pittsburgh,Pennsylvania,15266,5/4/1974
554,Broddie,Bruggeman,bbruggemanfd@businessweek.com,693 Claremont Park,Minneapolis,Minnesota,55458,6/14/1947
555,Bibby,Portman,bportmanfe@cmu.edu,06679 Gerald Circle,Richmond,Virginia,23220,
556,Siana,Gaythorpe,,41311 Annamark Place,Atlanta,Georgia,30340,7/14/1995
557,Reina,Clotworthy,rclotworthyfg@blogs.com,48 Delladonna Junction,Detroit,Michigan,48206,
558,Ulrick,Bowerbank,ubowerbankfh@cnbc.com,19346 Merry Avenue,Richmond,Virginia,23228,8/29/1945
559,Kate,Frere,kfrerefi@slate.com,505 Morningstar Road,Denton,Texas,76205,2/10/1965
560,Roger,Halworth,rhalworthfj@digg.com,69 Walton Parkway,Birmingham,Alabama,35242,
561,Pollyanna,Leedes,pleedesfk@list-manage.com,00 Paget Point,Lansing,Michigan,48919,
562,Valma,Seemmonds,vseemmondsfl@sfgate.com,118 Melby Lane,Worcester,Massachusetts,01610,1/26/1994
563,Lucila,Ible,liblefm@twitpic.com,8645 Veith Hill,Cincinnati,Ohio,45203,11/10/1979
564,Lazare,Meikle,,063 Hudson Hill,Whittier,California,90610,1/30/1999
565,Dannie,Metzke,dmetzkefo@stumbleupon.com,90 Briar Crest Crossing,Austin,Texas,78721,
566,Venita,Ogers,vogersfp@dmoz.org,57471 Brown Lane,Washington,District of Columbia,20591,
567,Cornall,Sainz,,59731 Lighthouse Bay Terrace,Erie,Pennsylvania,16534,
568,Fielding,MacKereth,fmackerethfr@bravesites.com,0479 Iowa Place,West Palm Beach,Florida,33405,9/16/1969
569,Filippa,Dey,fdeyfs@dmoz.org,370 Sutherland Point,Brooklyn,New York,11220,4/10/1962
570,Laina,Plevey,lpleveyft@pagesperso-orange.fr,6535 Ronald Regan Way,Roanoke,Virginia,24034,
571,Ardelle,Lintill,alintillfu@xinhuanet.com,0989 Crowley Center,Raleigh,North Carolina,27610,7/17/1965
572,Rafaello,Aristide,raristidefv@adobe.com,1099 Ryan Center,Pittsburgh,Pennsylvania,15255,6/7/1959
573,Odo,Hiers,ohiersfw@spiegel.de,6295 Fordem Drive,San Francisco,California,94142,3/12/1976
574,Walton,Snar,,596 Northview Plaza,Tulsa,Oklahoma,74156,
575,Mohandas,Skeffington,mskeffingtonfy@europa.eu,2814 Harbort Hill,Phoenix,Arizona,85053,12/20/1980
576,Fraser,Bootton,fboottonfz@answers.com,5753 Brickson Park Terrace,Monticello,Minnesota,55585,10/7/1983
577,Brandyn,Dyment,bdymentg0@meetup.com,12 Bayside Pass,North Hollywood,California,91616,
578,Farris,Lapsley,flapsleyg1@creativecommons.org,6 Center Alley,Los Angeles,California,90055,1/5/1950
579,Ema,Wilsher,ewilsherg2@bloglovin.com,37 Fuller Center,Dallas,Texas,75251,9/9/1982
580,Fancie,Olsson,,12 Rusk Hill,Washington,District of Columbia,20337,7/22/1993
581,Aline,Cubbin,acubbing4@google.it,19 Delladonna Parkway,Houston,Texas,77095,11/22/1982
582,Aleda,Dorkens,adorkensg5@4shared.com,26623 Sunbrook Alley,Greensboro,North Carolina,27409,6/25/1991
583,Margaretha,Hefferon,mhefferong6@cloudflare.com,2945 Kipling Street,Tulsa,Oklahoma,74149,1/15/1988
584,Dawn,Standering,,6963 Gale Drive,Carson City,Nevada,89714,
585,Godiva,Labrone,glabroneg8@addtoany.com,21251 Summit Park,Fresno,California,93750,
586,Alethea,Brunetti,abrunettig9@vimeo.com,3 Nova Drive,San Jose,California,95150,
587,Helyn,Ruilton,hruiltonga@psu.edu,51609 Menomonie Road,Orlando,Florida,32868,
588,Nedda,Costerd,ncosterdgb@msu.edu,186 Hansons Point,Wichita,Kansas,67215,4/26/1983
589,Hilda,Canland,hcanlandgc@google.com.hk,57750 Coleman Way,San Francisco,California,94126,10/19/1969
590,Lura,Roeby,lroebygd@salon.com,3 Merrick Place,Indianapolis,Indiana,46247,6/14/1993
591,Glenda,Boggish,gboggishge@cdc.gov,4791 Beilfuss Center,Shreveport,Louisiana,71151,6/25/1993
592,Phedra,Harkins,pharkinsgf@histats.com,304 Annamark Court,Seattle,Washington,98166,4/13/1943
593,Suzy,Cunniffe,scunniffegg@infoseek.co.jp,98185 Golf View Alley,Huntsville,Texas,77343,9/25/1950
594,Reinaldo,Cushion,rcushiongh@hibu.com,3 Rowland Circle,Orlando,Florida,32819,
595,Helen,Rusling,hruslinggi@ezinearticles.com,2 Boyd Street,Davenport,Iowa,52809,5/10/1957
596,Gaynor,Berston,gberstongj@behance.net,7 Buell Parkway,Philadelphia,Pennsylvania,19136,12/4/1963
597,Charlean,Pauleau,cpauleaugk@fotki.com,44 Mesta Hill,Arlington,Texas,76096,7/16/1968
598,Nerte,Buick,nbuickgl@free.fr,747 Northfield Way,Laredo,Texas,78044,4/16/1981
599,Vasili,Bowdrey,,9 Lyons Road,San Diego,California,92137,
600,Seana,Dwelley,sdwelleygn@a8.net,9 Luster Drive,Anchorage,Alaska,99517,12/6/1998
601,Lauri,Bassill,lbassillgo@nytimes.com,9 Ridge Oak Street,Greenville,South Carolina,29610,12/29/1980
602,Baird,Docwra,bdocwragp@yellowpages.com,672 Stuart Plaza,Wilkes Barre,Pennsylvania,18763,6/21/1994
603,Costa,Rappport,crappportgq@technorati.com,9 Lindbergh Hill,Reno,Nevada,89510,5/30/1981
604,Eda,Skeeles,,550 Annamark Crossing,Columbus,Georgia,31998,7/1/1956
605,Karia,Thornewill,,1 Dayton Crossing,San Francisco,California,94105,2/17/1946
606,Rosalinde,Dutnall,rdutnallgt@tripadvisor.com,74645 Derek Lane,Riverside,California,92519,
607,Obediah,Hendren,ohendrengu@google.com,22879 Hudson Way,San Jose,California,95108,
608,Riane,Fassbender,rfassbendergv@quantcast.com,56465 Colorado Center,Houston,Texas,77045,7/10/1955
609,Davida,McGeneay,,536 Anniversary Court,San Diego,California,92165,
610,Sascha,Bordis,sbordisgx@macromedia.com,0831 Annamark Junction,Albany,New York,12227,9/9/1965
611,Salvidor,Volk,svolkgy@ebay.com,92173 Graceland Hill,Columbia,South Carolina,29203,6/28/1958
612,Kimmie,Celiz,kcelizgz@google.es,67262 Hintze Road,Greensboro,North Carolina,27415,
613,Kurt,Staggs,kstaggsh0@bbb.org,4442 Farwell Drive,Flint,Michigan,48505,
614,Anni,Uttley,,7428 Corben Street,Miami,Florida,33129,5/24/1971
615,Kassie,Alyutin,,750 Monterey Alley,Marietta,Georgia,30066,
616,Lindy,Lideard,llideardh3@senate.gov,1826 Sachs Alley,Huntington,West Virginia,25711,8/6/1975
617,Web,Pariss,wparissh4@hao123.com,8535 Riverside Point,Lubbock,Texas,79452,
618,Aurel,Cornew,,5 Arkansas Crossing,Bakersfield,California,93381,7/9/1970
619,Sawyer,Proppers,sproppersh6@csmonitor.com,511 Emmet Drive,Washington,District of Columbia,20442,12/22/1943
620,Clerc,Gaveltone,cgaveltoneh7@psu.edu,5937 Longview Plaza,Arlington,Virginia,22234,9/17/1998
621,Ellery,Roubay,eroubayh8@usatoday.com,5353 Moulton Park,Charleston,West Virginia,25326,5/29/1947
622,Lucienne,Stainburn,lstainburnh9@usnews.com,6510 Mitchell Circle,New York City,New York,10014,4/9/1999
623,Eolanda,Bulley,ebulleyha@hhs.gov,8 Schmedeman Drive,Lexington,Kentucky,40515,4/7/1989
624,Knox,Leipold,kleipoldhb@nationalgeographic.com,8 Eggendart Plaza,Laredo,Texas,78044,5/28/1977
625,Marlie,Mitcham,mmitchamhc@sogou.com,269 Pond Court,San Francisco,California,94159,
626,Wendell,Proom,wproomhd@ucoz.com,8 Fairview Alley,Providence,Rhode Island,02912,3/31/1965
627,Freeland,Iggulden,figguldenhe@howstuffworks.com,68368 Oneill Street,Phoenix,Arizona,85025,10/27/1943
628,Shem,Dunlop,,0508 Sherman Pass,Utica,New York,13505,
629,Erinna,Bartusek,ebartusekhg@nymag.com,9388 Twin Pines Road,Lincoln,Nebraska,68517,11/23/1973
630,Maury,Haggarty,mhaggartyhh@google.co.uk,2758 Kropf Center,Charlottesville,Virginia,22903,2/19/1997
631,Zacharia,Leech,zleechhi@fda.gov,46 Hollow Ridge Place,Lincoln,Nebraska,68583,
632,Pat,Burdell,pburdellhj@amazon.co.uk,05133 Dwight Way,Richmond,Virginia,23260,12/24/1949
633,Debi,Kedwell,,01 Esch Pass,Portland,Oregon,97229,4/30/1979
634,Maximo,Wimmers,mwimmershl@blog.com,3 Cherokee Circle,Madison,Wisconsin,53716,11/16/1992
635,Alexa,Sabie,asabiehm@imgur.com,8 Butternut Way,Erie,Pennsylvania,16565,
636,Kathrine,Lovelace,klovelacehn@nih.gov,9255 Mendota Parkway,Miami,Florida,33175,
637,Perrine,Stranger,pstrangerho@biblegateway.com,0 Dottie Plaza,Amarillo,Texas,79118,10/25/1978
638,Vonny,Taylorson,vtaylorsonhp@ted.com,8 Hoepker Alley,Cumming,Georgia,30130,7/22/1969
639,Quintana,Clemanceau,qclemanceauhq@wikia.com,93 Larry Street,Roanoke,Virginia,24004,
640,Kenneth,Woodwind,,3 Nobel Street,Mesa,Arizona,85205,11/27/1975
641,Roderich,McKerton,rmckertonhs@goodreads.com,9 John Wall Court,Littleton,Colorado,80161,10/5/1941
642,Caresa,Merwood,cmerwoodht@simplemachines.org,467 Huxley Road,Atlanta,Georgia,30340,11/5/1991
643,Darrelle,Filochov,dfilochovhu@chronoengine.com,8225 Mayer Center,Cedar Rapids,Iowa,52410,9/28/1999
644,Lyndsay,Halsey,lhalseyhv@4shared.com,393 Doe Crossing Lane,Dallas,Texas,75251,11/27/1956
645,Venus,Lohan,vlohanhw@icq.com,4 Armistice Avenue,Chattanooga,Tennessee,37416,
646,Massimo,Stormont,mstormonthx@creativecommons.org,2 Sloan Pass,Washington,District of Columbia,20299,7/4/1974
647,Hillary,Peracco,hperaccohy@latimes.com,4 Dixon Junction,Springfield,Missouri,65810,7/23/1973
648,Nita,Faull,nfaullhz@epa.gov,57 Columbus Parkway,Omaha,Nebraska,68110,5/1/1963
649,Abdul,Doyley,adoyleyi0@tinyurl.com,68286 Katie Hill,Charleston,South Carolina,29424,
650,Gerome,Bossons,gbossonsi1@mayoclinic.com,6 Canary Plaza,Washington,District of Columbia,20210,6/23/1957
651,Rosalie,Stanion,rstanioni2@barnesandnoble.com,1 Eagan Road,Paterson,New Jersey,07522,5/1/1945
652,Clotilda,Jackett,cjacketti3@last.fm,4641 Merchant Hill,Lubbock,Texas,79491,8/15/1993
653,Payton,Housecroft,phousecrofti4@ask.com,96753 Crowley Plaza,Cincinnati,Ohio,45208,7/14/1942
654,Beale,Bridge,bbridgei5@umich.edu,80668 Saint Paul Center,Mesquite,Texas,75185,
655,Mickey,McGeffen,mmcgeffeni6@accuweather.com,54119 Harper Point,Springfield,Missouri,65898,3/30/1973
656,Alayne,Heugel,aheugeli7@oakley.com,9362 Orin Avenue,Tulsa,Oklahoma,74116,1/22/1943
657,Arnoldo,Skentelbury,askentelburyi8@ehow.com,212 Straubel Center,Cincinnati,Ohio,45238,8/8/1970
658,Frank,Ohlsen,fohlseni9@craigslist.org,89002 Heath Court,Roanoke,Virginia,24034,5/16/1965
659,Kippie,Collingham,kcollinghamia@vk.com,34776 Bultman Lane,Akron,Ohio,44393,1/11/1984
660,Rubie,Thomelin,rthomelinib@opensource.org,5819 Chive Terrace,San Diego,California,92170,4/11/1989
661,Luciana,Sollas,lsollasic@webeden.co.uk,856 Clemons Road,Richmond,Virginia,23289,6/23/1957
662,Isabeau,Heads,iheadsid@paginegialle.it,091 Hudson Street,Reading,Pennsylvania,19605,5/16/1958
663,Dunn,Mation,dmationie@goo.gl,967 Eagan Street,Saint Petersburg,Florida,33705,1/18/1990
664,Bernelle,Sutterby,bsutterbyif@ovh.net,661 Ohio Street,Pittsburgh,Pennsylvania,15225,2/28/1997
665,Jacky,Baudain,jbaudainig@walmart.com,0 Bluestem Court,Nashville,Tennessee,37235,
666,Tabbie,Duerden,tduerdenih@gravatar.com,2449 Elka Court,Winston Salem,North Carolina,27110,
667,Petunia,Szymanek,pszymanekii@artisteer.com,8961 Rockefeller Place,Monticello,Minnesota,55585,
668,Junie,Phelipeau,jphelipeauij@ycombinator.com,421 Dapin Center,Los Angeles,California,90020,
669,Cullan,Eckersall,ceckersallik@macromedia.com,8 Golden Leaf Park,Pensacola,Florida,32511,
670,Pooh,Alleburton,palleburtonil@topsy.com,04334 Johnson Road,Racine,Wisconsin,53405,
671,Michaella,Ledingham,mledinghamim@wired.com,3550 Eastlawn Lane,San Jose,California,95108,6/20/1976
672,Garvy,Guillford,gguillfordin@sourceforge.net,80 Loomis Place,Dayton,Ohio,45403,
673,Geoffrey,Wedge,gwedgeio@yandex.ru,11974 Spenser Park,Boise,Idaho,83722,8/23/1977
674,Hermina,Micah,hmicahip@freewebs.com,550 Rockefeller Point,Seminole,Florida,34642,4/25/1955
675,Estevan,Skamal,,97092 Moulton Junction,Detroit,Michigan,48206,10/23/1975
676,Hervey,Merali,hmeraliir@about.com,7398 Fieldstone Point,San Antonio,Texas,78296,1/13/1974
677,Jedediah,Noar,jnoaris@macromedia.com,255 Magdeline Center,Corpus Christi,Texas,78426,
678,Karlee,Santacrole,,65 Fair Oaks Plaza,College Station,Texas,77844,
679,Ermentrude,Wherry,ewherryiu@marketwatch.com,553 Chinook Plaza,Boston,Massachusetts,02216,
680,Jozef,Coulter,jcoulteriv@google.com.au,4613 Menomonie Lane,Inglewood,California,90398,
681,Tamra,Ivons,tivonsiw@eepurl.com,759 Algoma Lane,Waterbury,Connecticut,06705,9/10/1997
682,Syd,Manhare,,32522 Del Mar Street,Miami,Florida,33169,10/18/1984
683,Yardley,Boddis,yboddisiy@spiegel.de,84 North Avenue,Ogden,Utah,84403,11/17/1961
684,Pavla,O'Dowd,podowdiz@slate.com,256 Fieldstone Terrace,Daytona Beach,Florida,32123,2/29/1996
685,Katinka,Aleksich,kaleksichj0@squarespace.com,80263 3rd Drive,Toledo,Ohio,43656,
686,Gianina,Cottam,gcottamj1@umn.edu,08539 Meadow Vale Trail,Waterloo,Iowa,50706,4/19/1987
687,Marisa,Fessby,mfessbyj2@ustream.tv,069 Warner Point,Syracuse,New York,13224,
688,Edgardo,Ruston,erustonj3@newyorker.com,96971 Barby Alley,El Paso,Texas,79955,
689,Auguste,Senecaut,asenecautj4@dell.com,5913 Merrick Center,Memphis,Tennessee,38168,2/20/1953
690,Christos,Boaler,cboalerj5@bigcartel.com,6784 Loeprich Crossing,Kent,Washington,98042,9/17/1949
691,Heida,Bedin,hbedinj6@devhub.com,09 Montana Pass,Memphis,Tennessee,38150,
692,Monah,Kem,mkemj7@si.edu,2 Erie Hill,Paterson,New Jersey,07522,10/22/1949
693,Dante,Vallery,dvalleryj8@va.gov,56 Northview Plaza,Hialeah,Florida,33018,
694,Emmye,Barde,,08 Rusk Plaza,Indianapolis,Indiana,46239,10/20/1947
695,Salaidh,Baynam,sbaynamja@phpbb.com,0 Dwight Pass,Norwalk,Connecticut,06859,
696,Beverlie,Steed,bsteedjb@sohu.com,321 Springs Point,Roanoke,Virginia,24034,
697,Garrott,Mandres,gmandresjc@redcross.org,4933 Dayton Hill,Houston,Texas,77250,12/11/1982
698,Bibbie,Rushworth,brushworthjd@state.tx.us,655 Talisman Plaza,Billings,Montana,59112,11/11/1998
699,Alain,Stanion,astanionje@fc2.com,842 Homewood Hill,Harrisburg,Pennsylvania,17121,
700,Heidie,Pieters,hpietersjf@soup.io,01 Lawn Pass,Fresno,California,93773,3/4/1952
701,Lillian,Eriksson,lerikssonjg@lulu.com,8 Meadow Vale Crossing,Laurel,Maryland,20709,6/14/1941
702,Ricard,Benit,,8 Loomis Parkway,Brooklyn,New York,11236,
703,Artus,Dri,adriji@globo.com,5064 Forest Dale Way,Huntsville,Alabama,35895,
704,Arlie,Martyn,amartynjj@multiply.com,33 Dayton Road,New York City,New York,10249,6/26/1958
705,Paxton,Howgego,phowgegojk@yahoo.co.jp,27 Northwestern Lane,Montpelier,Vermont,05609,3/21/1999
706,Janos,Amber,jamberjl@sakura.ne.jp,71 Donald Hill,Dallas,Texas,75251,1/5/1951
707,Tommy,Lukes,tlukesjm@latimes.com,76 Aberg Place,Omaha,Nebraska,68110,
708,Tommy,Rawlingson,,24297 Ohio Park,Austin,Texas,78759,8/30/1952
709,Lanna,Aylesbury,laylesburyjo@va.gov,2784 Vernon Street,Santa Monica,California,90410,
710,Mira,Benitez,mbenitezjp@jigsy.com,43993 Thackeray Parkway,Houston,Texas,77075,12/23/1954
711,Zia,Craze,zcrazejq@microsoft.com,47 Ronald Regan Parkway,Trenton,New Jersey,08650,9/13/1963
712,Alfreda,Turbefield,aturbefieldjr@nasa.gov,3419 Stephen Junction,Baltimore,Maryland,21275,
713,Analise,Maginot,,4427 Brown Terrace,Muncie,Indiana,47306,
714,Lidia,Harpham,lharphamjt@domainmarket.com,468 Comanche Place,Anchorage,Alaska,99599,1/20/1964
715,Ashlen,Overstreet,,81043 Parkside Junction,Reno,Nevada,89505,
716,Willyt,Mathison,wmathisonjv@cmu.edu,5585 Autumn Leaf Park,Philadelphia,Pennsylvania,19151,
717,Pasquale,McGraw,pmcgrawjw@gmpg.org,32764 Anderson Court,Fort Wayne,Indiana,46867,
718,Lynde,Tenman,ltenmanjx@yelp.com,4 Fulton Court,Berkeley,California,94712,10/21/1982
719,Shanta,Gilffillan,sgilffillanjy@blogtalkradio.com,60113 Boyd Park,Newark,New Jersey,07104,
720,Pablo,Rowthorn,,0 Riverside Center,Boston,Massachusetts,02298,12/4/1946
721,Eba,Thacker,ethackerk0@nationalgeographic.com,81015 Declaration Place,Schenectady,New York,12325,3/24/1970
722,Linell,Rodriguez,,30 Texas Way,Gatesville,Texas,76598,
723,Seth,O'Reilly,,86 Sutherland Circle,Oklahoma City,Oklahoma,73109,7/16/1944
724,Esme,Headley,eheadleyk3@disqus.com,3 Hudson Point,Merrifield,Virginia,22119,
725,Letta,Marshallsay,lmarshallsayk4@github.io,5500 Anhalt Hill,Santa Rosa,California,95405,1/7/1961
726,Chevy,Macak,,2 Johnson Place,Fresno,California,93726,3/22/1996
727,Sharla,Waulker,swaulkerk6@tiny.cc,58 North Plaza,Phoenix,Arizona,85053,10/20/1996
728,Finley,Leakner,fleaknerk7@businessweek.com,03691 Arkansas Circle,Philadelphia,Pennsylvania,19160,9/8/1948
729,Elfrida,Petheridge,epetheridgek8@unc.edu,8008 Reindahl Pass,Oakland,California,94660,9/18/1997
730,Chan,McRannell,cmcrannellk9@t-online.de,23365 Sherman Alley,New York City,New York,10014,10/16/1994
731,Joceline,Setch,jsetchka@moonfruit.com,740 Banding Crossing,Santa Ana,California,92705,11/18/1985
732,Kliment,Rump,krumpkb@posterous.com,59 Crownhardt Parkway,Jacksonville,Florida,32204,3/25/1989
733,Hyacinthe,Itzhayek,hitzhayekkc@is.gd,12 Kipling Drive,Billings,Montana,59105,
734,Babita,Bold,bboldkd@networksolutions.com,89 Brickson Park Center,Schenectady,New York,12325,
735,Raleigh,Whisson,rwhissonke@delicious.com,04360 Towne Circle,Harrisburg,Pennsylvania,17105,7/21/1961
736,Greg,Antonich,gantonichkf@cnbc.com,05422 Kropf Park,Pittsburgh,Pennsylvania,15255,
737,Heather,Boolsen,hboolsenkg@reference.com,933 Heffernan Street,Saint Paul,Minnesota,55146,
738,Almire,Creech,acreechkh@fotki.com,163 Columbus Place,Pittsburgh,Pennsylvania,15205,
739,Elita,Monte,emonteki@rediff.com,8701 Melody Hill,Chicago,Illinois,60614,2/5/1949
740,Dionisio,Sulland,dsullandkj@abc.net.au,0 Merrick Hill,Albany,New York,12247,
741,Dean,Rosenberg,drosenbergkk@jiathis.com,2 Sundown Center,Birmingham,Alabama,35220,
742,Cilka,Plowright,cplowrightkl@sciencedaily.com,260 Swallow Trail,Omaha,Nebraska,68134,10/25/1994
743,Valentijn,Driutti,vdriuttikm@goo.gl,23 Ludington Park,El Paso,Texas,79928,
744,Tom,Yo,tyokn@jiathis.com,65 Warner Park,Jamaica,New York,11447,9/27/1980
745,Dalenna,Crosi,dcrosiko@nbcnews.com,94 Logan Street,Salt Lake City,Utah,84152,4/11/1945
746,Nathanial,Freschini,nfreschinikp@opera.com,5 Armistice Park,Fort Smith,Arkansas,72905,1/15/1959
747,Shellysheldon,Cofax,,97186 Reindahl Lane,Sacramento,California,94286,
748,Gerri,Sailor,gsailorkr@redcross.org,1984 Messerschmidt Junction,Louisville,Kentucky,40280,
749,Ali,Torbard,atorbardks@phoca.cz,8 Vidon Circle,Oklahoma City,Oklahoma,73104,12/12/1948
750,Tobit,Showell,tshowellkt@bbc.co.uk,4 Kingsford Crossing,Memphis,Tennessee,38161,8/30/1991
751,Merl,Trippett,mtrippettku@geocities.jp,94 Clyde Gallagher Terrace,Louisville,Kentucky,40287,
752,Lily,Kleeman,,8 Carioca Plaza,Dallas,Texas,75246,3/25/1941
753,Harlen,Gouldthorp,hgouldthorpkw@cpanel.net,04292 Kropf Circle,Jacksonville,Florida,32277,12/15/1962
754,Viole,Woolen,vwoolenkx@digg.com,2 Myrtle Court,Fresno,California,93721,1/14/1989
755,Iosep,Mustoo,imustooky@unblog.fr,921 Gateway Drive,Kansas City,Missouri,64149,8/26/1998
756,Deanne,Duckhouse,dduckhousekz@columbia.edu,5 Mccormick Way,Spokane,Washington,99215,7/1/1975
757,Nickey,Huckabe,nhuckabel0@skyrock.com,331 Alpine Hill,New York City,New York,10115,
758,Nana,Maryska,nmaryskal1@theatlantic.com,422 Alpine Trail,Minneapolis,Minnesota,55446,2/22/1995
759,Englebert,Pawley,epawleyl2@github.com,9 Donald Crossing,Charleston,South Carolina,29411,4/27/1971
760,Adara,Juggings,ajuggingsl3@apple.com,00786 Southridge Parkway,Boise,Idaho,83705,6/1/1963
761,Sheree,Dumphy,,1 Declaration Court,New York City,New York,10060,
762,Iosep,Eardley,ieardleyl5@sphinn.com,77 Jenna Alley,Ventura,California,93005,7/2/1968
763,Agosto,Curedell,acuredelll6@oracle.com,02446 Helena Point,Houston,Texas,77035,
764,Roz,Edmenson,redmensonl7@webs.com,474 Butterfield Street,Nashville,Tennessee,37245,
765,Dalila,Fowlds,dfowldsl8@cbslocal.com,40230 Village Green Point,Omaha,Nebraska,68105,5/1/1950
766,Jonah,Danels,,517 Banding Court,San Diego,California,92121,4/27/1998
767,Mariana,Zealy,mzealyla@nytimes.com,64643 Shopko Road,Buffalo,New York,14276,11/29/1960
768,Pru,O'Donnell,podonnelllb@redcross.org,6 Colorado Park,New York City,New York,10099,12/17/1994
769,Lexi,Buzza,,66863 Artisan Point,New Orleans,Louisiana,70149,11/19/1991
770,Doreen,Bulbrook,dbulbrookld@hao123.com,8 Acker Hill,Long Beach,California,90840,
771,Carver,Fouracres,,287 Jana Place,Amarillo,Texas,79182,2/19/1970
772,Feodora,Snook,fsnooklf@accuweather.com,441 Meadow Vale Center,Garden Grove,California,92645,8/20/1945
773,Lyle,Boggis,lboggislg@eepurl.com,90645 Laurel Place,Houston,Texas,77040,
774,Gabriella,Grimes,ggrimeslh@i2i.jp,444 Leroy Park,New Haven,Connecticut,06510,
775,Sid,Dunphie,sdunphieli@privacy.gov.au,354 Meadow Valley Circle,Fresno,California,93773,8/24/1955
776,Angil,Courage,acouragelj@apple.com,03592 Dryden Drive,Charlotte,North Carolina,28247,3/19/1965
777,Mattias,Mathe,mmathelk@twitter.com,968 Ridgeway Street,Atlanta,Georgia,31119,
778,Keefer,Umpleby,kumplebyll@feedburner.com,4 Lyons Street,Fairbanks,Alaska,99790,8/15/1993
779,Winnah,Winyard,wwinyardlm@umich.edu,283 Hovde Alley,El Paso,Texas,79934,8/29/1989
780,Georgia,Zink,gzinkln@house.gov,859 Debs Hill,Moreno Valley,California,92555,
781,Cherilynn,Purse,cpurselo@odnoklassniki.ru,9 Lake View Parkway,Marietta,Georgia,30066,10/6/1950
782,Conan,Hercock,chercocklp@bigcartel.com,46 Scott Center,Troy,Michigan,48098,
783,Harmonie,Mulvey,hmulveylq@accuweather.com,1796 Erie Way,Green Bay,Wisconsin,54313,
784,Gusty,Illes,gilleslr@shareasale.com,837 Browning Way,Van Nuys,California,91406,
785,Cissy,Blevin,cblevinls@addthis.com,9 Schiller Trail,Silver Spring,Maryland,20918,
786,Egor,Haresign,eharesignlt@google.ru,4 Lerdahl Road,San Antonio,Texas,78210,
787,Tildy,McPhail,tmcphaillu@sina.com.cn,20794 Grim Road,Topeka,Kansas,66606,
788,Iolande,Eynon,,559 Shoshone Court,Louisville,Kentucky,40220,3/23/1943
789,Cynthia,Mannin,cmanninlw@google.cn,777 Corscot Point,Columbus,Georgia,31904,1/19/1990
790,Raynell,Thurstan,rthurstanlx@liveinternet.ru,8 Lindbergh Alley,Huntington,West Virginia,25716,12/4/1949
791,Hagan,Odde,hoddely@boston.com,17 Northridge Trail,El Paso,Texas,79984,8/8/1986
792,Tasia,Eastwood,teastwoodlz@homestead.com,82111 Valley Edge Terrace,Atlanta,Georgia,31119,7/20/1949
793,Nappy,Puve,npuvem0@nbcnews.com,11471 Rieder Place,Cumming,Georgia,30130,8/9/1975
794,Bryant,Klemenz,bklemenzm1@naver.com,0 Bellgrove Park,Akron,Ohio,44321,7/14/1945
795,Shelton,Hartle,shartlem2@theguardian.com,008 Dakota Drive,Nashville,Tennessee,37228,12/6/1990
796,Vale,Guye,,28 Eggendart Avenue,Littleton,Colorado,80126,
797,Yvette,Lammie,ylammiem4@marriott.com,75 Chive Avenue,Saint Cloud,Minnesota,56398,10/24/1944
798,Pauline,Grindell,pgrindellm5@harvard.edu,2107 Bowman Road,Fullerton,California,92640,5/30/1940
799,Waiter,MacRonald,,642 Glacier Hill Terrace,Washington,District of Columbia,20414,7/21/1984
800,Drucie,Mahon,,02413 Jenifer Alley,Paterson,New Jersey,07544,
801,Amil,Esh,aeshm8@technorati.com,4555 Upham Parkway,Roanoke,Virginia,24048,7/29/1995
802,Cathrine,Fellgatt,cfellgattm9@desdev.cn,52994 Mayer Court,Charleston,West Virginia,25321,
803,Cyrus,Groomebridge,cgroomebridgema@cyberchimps.com,96 Glendale Circle,New Orleans,Louisiana,70187,5/9/1974
804,Dari,Sachno,dsachnomb@accuweather.com,83735 Quincy Hill,Pasadena,California,91117,
805,Cyb,Bitchener,cbitchenermc@pen.io,298 Dovetail Junction,Clearwater,Florida,33763,4/27/1955
806,Skipp,Klewi,sklewimd@unc.edu,77799 Homewood Pass,Muskegon,Michigan,49444,
807,Ellie,Ifill,eifillme@joomla.org,79936 Charing Cross Drive,Milwaukee,Wisconsin,53285,
808,Willow,Bridgen,wbridgenmf@ted.com,7723 Novick Hill,Orlando,Florida,32803,
809,Paco,Pevsner,ppevsnermg@slashdot.org,212 Manitowish Crossing,El Paso,Texas,88584,3/28/1960
810,Marv,Dallosso,mdallossomh@clickbank.net,26 Independence Way,Fresno,California,93786,3/30/1950
811,Leta,Haberfield,lhaberfieldmi@abc.net.au,3 Mayfield Terrace,Dayton,Ohio,45454,
812,Otto,Faustin,ofaustinmj@tuttocitta.it,5 Cardinal Junction,Fresno,California,93715,
813,Demott,Curnnok,dcurnnokmk@themeforest.net,99 Merrick Park,Raleigh,North Carolina,27658,5/16/1983
814,Leslie,Wythe,lwytheml@qq.com,9 Arrowood Plaza,Montgomery,Alabama,36134,
815,Godard,Eastope,geastopemm@printfriendly.com,2171 Autumn Leaf Point,Buffalo,New York,14233,2/6/1981
816,Melloney,Clackers,mclackersmn@gnu.org,7464 Spenser Road,Bryan,Texas,77806,
817,Nathaniel,Molesworth,nmolesworthmo@arstechnica.com,2 Knutson Lane,Carson City,Nevada,89706,8/29/1962
818,Aloin,Hovie,ahoviemp@vimeo.com,7 Merry Way,Atlanta,Georgia,31196,12/30/1951
819,Emilio,Cleare,,45442 Burrows Pass,Amarillo,Texas,79105,
820,Veronica,Collins,vcollinsmr@opera.com,71595 Dawn Terrace,Washington,District of Columbia,20226,1/28/1948
821,Devi,Stede,,6 Onsgard Place,Houston,Texas,77271,11/5/1986
822,Courtenay,Symcoxe,csymcoxemt@addtoany.com,59360 Montana Court,Boston,Massachusetts,02119,
823,Melli,Radage,mradagemu@odnoklassniki.ru,844 Brown Lane,Raleigh,North Carolina,27615,9/11/1967
824,Sherline,Athey,satheymv@hubpages.com,61600 Grim Circle,Cincinnati,Ohio,45223,7/26/1999
825,Gwyn,Goodayle,ggoodaylemw@shop-pro.jp,9 High Crossing Way,San Luis Obispo,California,93407,4/19/1958
826,Silva,Shakesby,,9 Scofield Parkway,Portland,Oregon,97240,7/24/1996
827,Ferd,Prover,fprovermy@paginegialle.it,7855 Clarendon Road,Palatine,Illinois,60078,
828,Brittne,O'Carran,bocarranmz@instagram.com,5 Grim Drive,Warren,Michigan,48092,10/3/1969
829,Kippy,Berthomier,kberthomiern0@trellian.com,90977 Meadow Ridge Court,Baton Rouge,Louisiana,70820,5/6/1956
830,Crichton,Ausello,causellon1@bluehost.com,22 Nobel Circle,Miami,Florida,33129,5/5/1952
831,Dinny,Robb,drobbn2@hostgator.com,84 Lukken Park,Alexandria,Virginia,22313,2/7/1965
832,Theresa,Markus,tmarkusn3@smh.com.au,6 Hagan Junction,Springfield,Missouri,65805,2/7/1940
833,Mortimer,Polding,mpoldingn4@noaa.gov,4 Lake View Park,Newark,New Jersey,07195,3/15/1975
834,Katina,Ivancevic,kivancevicn5@amazonaws.com,9 Chinook Street,Springfield,Massachusetts,01114,10/8/1978
835,Wilmar,Iston,wistonn6@msn.com,99 Dottie Junction,Seattle,Washington,98195,7/20/1965
836,Morganne,Birkwood,mbirkwoodn7@plala.or.jp,4 Claremont Circle,Escondido,California,92030,
837,Petronella,Danforth,pdanforthn8@networksolutions.com,5972 Reindahl Trail,Los Angeles,California,90101,6/6/1959
838,Gayleen,Percy,gpercyn9@accuweather.com,9880 Artisan Trail,Virginia Beach,Virginia,23454,3/27/1958
839,Jackie,St. Ledger,jstledgerna@walmart.com,6973 Roth Point,Sarasota,Florida,34238,
840,Carlina,Crichley,ccrichleynb@odnoklassniki.ru,5924 Express Pass,Kalamazoo,Michigan,49048,
841,Billie,Wixey,bwixeync@usa.gov,3 Kedzie Court,Little Rock,Arkansas,72222,1/8/1959
842,Roosevelt,Hirsthouse,rhirsthousend@about.com,0836 Sullivan Road,Young America,Minnesota,55573,9/25/1989
843,Tallie,O Sullivan,tosullivanne@cbsnews.com,10951 Merrick Street,Dallas,Texas,75231,
844,Darell,Shird,dshirdnf@harvard.edu,35570 Northfield Circle,Sacramento,California,94280,4/21/1969
845,Elle,Lumpkin,,6057 Golf Plaza,Phoenix,Arizona,85035,
846,Bernadina,Synnot,bsynnotnh@ezinearticles.com,76 Union Center,Memphis,Tennessee,38181,9/18/1981
847,Kelley,Youdell,kyoudellni@ow.ly,6 Menomonie Point,Naples,Florida,34102,
848,Lorilyn,Brandreth,lbrandrethnj@indiatimes.com,88 Shelley Lane,San Antonio,Texas,78296,4/5/1986
849,Halsy,Cusick,hcusicknk@dailymail.co.uk,9315 Haas Terrace,Spokane,Washington,99260,3/15/1968
850,Benjie,Hurlestone,bhurlestonenl@eventbrite.com,0050 Mifflin Street,Raleigh,North Carolina,27626,10/15/1954
851,Lorenzo,Westrey,lwestreynm@marriott.com,1 Forest Dale Lane,Evansville,Indiana,47737,
852,Theadora,More,tmorenn@twitter.com,9374 Fordem Place,Evansville,Indiana,47712,2/13/1974
853,Ezra,Sedworth,esedworthno@wikispaces.com,43965 Nobel Avenue,Buffalo,New York,14263,
854,Devin,Harder,dhardernp@techcrunch.com,22 Petterle Trail,New Haven,Connecticut,06538,12/1/1970
855,Veronika,Wraxall,vwraxallnq@mail.ru,743 Pierstorff Pass,Waterbury,Connecticut,06705,10/31/1989
856,Ethe,Jacmar,ejacmarnr@sfgate.com,446 Manitowish Terrace,Mobile,Alabama,36670,7/9/1971
857,Lettie,Schuster,lschusterns@geocities.jp,23193 Tennessee Center,Denver,Colorado,80249,1/10/1990
858,Joey,Farlham,jfarlhamnt@mapy.cz,65 Saint Paul Court,Migrate,Kentucky,41905,
859,Torey,Laxtonne,tlaxtonnenu@apple.com,74 Green Crossing,Charlotte,North Carolina,28272,
860,Delphine,Jeandin,djeandinnv@tripod.com,027 Calypso Crossing,Chicago,Illinois,60652,3/3/1969
861,Waldo,Cassimer,wcassimernw@senate.gov,31256 Basil Circle,Dayton,Ohio,45432,1/10/1963
862,Gabrielle,Traviss,gtravissnx@bloglines.com,7608 Donald Plaza,Greensboro,North Carolina,27425,2/8/1965
863,Melli,Pindell,mpindellny@ning.com,65086 Farragut Alley,Cleveland,Ohio,44197,6/18/1960
864,Mercy,Maiklem,mmaiklemnz@yale.edu,8 Cody Lane,Paterson,New Jersey,07544,4/14/1994
865,Constantino,Dougharty,cdoughartyo0@cisco.com,62916 Roth Junction,Birmingham,Alabama,35254,11/26/1973
866,Lizbeth,Venables,lvenableso1@drupal.org,5078 Harper Alley,Amarillo,Texas,79182,5/19/1952
867,Rolph,Jonathon,rjonathono2@ucsd.edu,47 Dayton Parkway,Washington,District of Columbia,20337,1/18/1943
868,Dore,Vittori,dvittorio3@g.co,0047 Westport Street,Watertown,Massachusetts,02472,8/14/1985
869,Marne,Starking,mstarkingo4@go.com,0736 Texas Alley,Stockton,California,95210,11/8/1953
870,Siouxie,Pawley,,934 South Circle,Omaha,Nebraska,68105,
871,Edythe,Manser,emansero6@alexa.com,7334 Petterle Alley,Austin,Texas,78769,10/27/1946
872,Inna,Hookes,ihookeso7@netvibes.com,21 Namekagon Pass,Charlottesville,Virginia,22903,
873,Yevette,Januszewicz,yjanuszewiczo8@nyu.edu,53 Sutteridge Alley,Moreno Valley,California,92555,
874,Leland,Keuneke,lkeunekeo9@example.com,5 Quincy Avenue,Kansas City,Kansas,66160,12/23/1964
875,Mady,Chinn,mchinnoa@canalblog.com,9 Lakewood Gardens Crossing,San Francisco,California,94147,10/30/1968
876,Iorgos,Pendrey,ipendreyob@blogtalkradio.com,2927 Schmedeman Trail,Jacksonville,Florida,32204,6/16/1987
877,Ralf,Trow,rtrowoc@un.org,31 Stoughton Alley,Brooksville,Florida,34605,11/8/1945
878,Padraig,Seeney,pseeneyod@reuters.com,082 Merchant Crossing,Corpus Christi,Texas,78475,
879,Caressa,Cowlishaw,ccowlishawoe@reddit.com,25 Vermont Park,Springfield,Illinois,62718,5/28/1978
880,Reamonn,Lages,rlagesof@scribd.com,3933 Old Shore Court,Richmond,Virginia,23213,3/29/1963
881,Jamesy,Bucksey,jbuckseyog@elpais.com,4 Cherokee Parkway,New York City,New York,10019,
882,Hali,Tomasello,htomasellooh@symantec.com,5395 Clove Hill,Portland,Oregon,97286,
883,Berti,Stenhouse,bstenhouseoi@google.nl,85795 Eastlawn Drive,Detroit,Michigan,48206,3/16/1984
884,Maggi,Ebbage,mebbageoj@addthis.com,971 Bultman Parkway,Colorado Springs,Colorado,80915,12/26/1945
885,Clareta,Sorrell,csorrellok@hao123.com,66 Boyd Place,North Las Vegas,Nevada,89087,1/30/1984
886,Gabey,Borrows,gborrowsol@nyu.edu,7868 Rowland Way,Knoxville,Tennessee,37995,4/5/1991
887,Carlie,Mixter,,7686 Bluestem Hill,Dayton,Ohio,45454,
888,Miranda,Amdohr,mamdohron@npr.org,7098 Browning Plaza,Washington,District of Columbia,20520,12/24/1979
889,Ted,McIlheran,tmcilheranoo@hexun.com,5914 Donald Plaza,Oklahoma City,Oklahoma,73114,
890,Appolonia,Bloor,abloorop@howstuffworks.com,8820 Judy Trail,Champaign,Illinois,61825,6/10/1984
891,Perice,Haigh,phaighoq@jalbum.net,5886 Ohio Road,Duluth,Georgia,30096,5/31/1981
892,Dusty,Clineck,dclineckor@nifty.com,712 Brickson Park Center,Tyler,Texas,75799,9/29/1969
893,Verne,Gunton,vguntonos@lulu.com,007 Blackbird Trail,Charlotte,North Carolina,28225,
894,Johny,Dawdry,jdawdryot@netscape.com,3 Clemons Plaza,Flushing,New York,11355,
895,Floyd,Cathro,fcathroou@yellowpages.com,97 Bay Alley,Houston,Texas,77080,5/7/1967
896,Jonis,Pilkington,jpilkingtonov@nbcnews.com,9171 Lillian Way,Knoxville,Tennessee,37931,11/30/1987
897,Case,Feria,cferiaow@nature.com,6 Rieder Street,Houston,Texas,77288,
898,Franni,Hing,fhingox@blinklist.com,80 Express Court,Mesa,Arizona,85210,
899,Armando,Durek,adurekoy@google.it,8705 Elmside Lane,New Haven,Connecticut,06538,
900,Kikelia,Tixier,ktixieroz@google.co.uk,44 Melrose Lane,Ventura,California,93005,9/3/1967
901,Gamaliel,Ranfield,granfieldp0@gizmodo.com,16 Larry Point,Detroit,Michigan,48232,
902,Olimpia,Monan,,2540 Paget Way,Honolulu,Hawaii,96820,8/7/1999
903,Dody,Roycroft,droycroftp2@google.co.uk,215 Sullivan Hill,Minneapolis,Minnesota,55458,
904,Kellby,Wooster,kwoosterp3@msu.edu,4 Shasta Road,Dallas,Texas,75226,
905,Carlye,Goggen,cgoggenp4@japanpost.jp,36 Sachtjen Court,Boston,Massachusetts,02109,2/24/1944
906,Stephannie,Mecco,smeccop5@desdev.cn,517 Judy Terrace,Fort Worth,Texas,76121,8/19/1989
907,Sandye,Bramford,sbramfordp6@istockphoto.com,145 Loftsgordon Hill,Arlington,Virginia,22217,6/13/1953
908,Maire,Peskett,mpeskettp7@domainmarket.com,964 Lukken Drive,Bradenton,Florida,34210,6/10/1965
909,Melvyn,Kirkham,mkirkhamp8@ucoz.com,341 Texas Point,Southfield,Michigan,48076,6/20/1955
910,Mariette,Furzer,mfurzerp9@360.cn,56020 Jenifer Street,Oakland,California,94611,
911,Minnnie,Dethloff,mdethloffpa@china.com.cn,0423 Schmedeman Park,Lake Worth,Florida,33462,
912,Tess,Tyler,ttylerpb@webnode.com,5406 Londonderry Court,Greeley,Colorado,80638,5/15/1989
913,Wilma,Lavrinov,,7955 Thierer Center,Shreveport,Louisiana,71161,12/11/1956
914,Thea,Dewhurst,tdewhurstpd@vimeo.com,8 Hooker Center,Shreveport,Louisiana,71137,3/9/1960
915,Gillian,Herries,gherriespe@slate.com,746 Eggendart Alley,Battle Creek,Michigan,49018,7/23/1971
916,Franky,Jerrams,fjerramspf@furl.net,690 Washington Hill,Memphis,Tennessee,38168,
917,Gertie,Scanlan,gscanlanpg@csmonitor.com,02309 Donald Road,Tacoma,Washington,98447,5/15/1949
918,Hodge,Meir,hmeirph@cornell.edu,94395 Nova Lane,Norman,Oklahoma,73071,
919,Goober,Le Breton De La Vieuville,glebretondelavieuvillepi@rediff.com,5999 Golf View Road,Washington,District of Columbia,20319,5/24/1977
920,Melinde,Gaffey,mgaffeypj@nasa.gov,45 Johnson Place,Houston,Texas,77299,
921,Emmye,Bernolet,,71437 Hollow Ridge Pass,Little Rock,Arkansas,72209,4/24/1982
922,Biron,Kullmann,bkullmannpl@bluehost.com,27344 Clemons Junction,Newton,Massachusetts,02458,4/28/1959
923,Francis,Fernier,,59 Rusk Pass,Columbus,Georgia,31904,11/3/1995
924,Dorolice,Matelyunas,dmatelyunaspn@drupal.org,48656 Drewry Road,Appleton,Wisconsin,54915,
925,Isiahi,Melia,imeliapo@scientificamerican.com,5532 Warner Crossing,Newport Beach,California,92662,
926,Culley,Clover,ccloverpp@smugmug.com,16200 Fremont Center,Simi Valley,California,93094,
927,Keefer,Simmons,ksimmonspq@printfriendly.com,5 Messerschmidt Road,Warren,Michigan,48092,
928,Blair,Halfhyde,bhalfhydepr@mayoclinic.com,90 Hayes Road,Fargo,North Dakota,58106,6/16/1965
929,Clive,Rosten,crostenps@tuttocitta.it,3580 Vahlen Circle,Little Rock,Arkansas,72222,
930,Neda,Bucky,nbuckypt@webnode.com,63 Hermina Crossing,Orange,California,92668,7/15/1949
931,Gerry,Ciric,gciricpu@irs.gov,5243 Graceland Trail,Columbus,Ohio,43231,9/24/1995
932,Celestyn,Jackways,cjackwayspv@adobe.com,48 Graceland Plaza,San Antonio,Texas,78210,4/11/1968
933,Kylila,Spoure,kspourepw@angelfire.com,368 Lerdahl Plaza,Chicago,Illinois,60669,2/16/1950
934,Darleen,Alkins,dalkinspx@hexun.com,2190 Stang Terrace,Ocala,Florida,34474,
935,Durant,Cheson,dchesonpy@mayoclinic.com,36 Vera Street,Kansas City,Missouri,64101,
936,Barbe,Tough,btoughpz@china.com.cn,67472 Bayside Crossing,Canton,Ohio,44705,
937,Rich,Gowar,rgowarq0@theatlantic.com,3 Graceland Way,Erie,Pennsylvania,16534,2/1/1973
938,Agnes,Wharmby,awharmbyq1@ed.gov,7 Brown Drive,Portland,Oregon,97206,
939,Putnem,Hattigan,phattiganq2@desdev.cn,18 Menomonie Center,Buffalo,New York,14269,5/15/1988
940,Sofia,Burel,sburelq3@ebay.com,18 Daystar Lane,Syracuse,New York,13205,8/9/1996
941,Angelia,Paddeley,apaddeleyq4@gmpg.org,7716 Eggendart Hill,Dallas,Texas,75260,1/19/1942
942,Amandy,Vowells,avowellsq5@1688.com,677 Pawling Place,Duluth,Georgia,30195,
943,Alden,Karel,akarelq6@china.com.cn,59602 Loeprich Park,Seattle,Washington,98104,
944,Lilian,Faunch,lfaunchq7@nba.com,68 Bultman Parkway,Dallas,Texas,75358,9/23/1943
945,Marthe,Scurrey,mscurreyq8@cafepress.com,4830 Fair Oaks Circle,Austin,Texas,78710,
946,Lou,Smithend,lsmithendq9@cpanel.net,6513 Scofield Alley,Stamford,Connecticut,06922,1/21/1944
947,Berny,Farmar,bfarmarqa@simplemachines.org,465 Logan Center,Albany,New York,12237,3/20/1990
948,Cornell,Kuhn,ckuhnqb@huffingtonpost.com,1 Northview Way,Houston,Texas,77055,11/7/1940
949,Dorisa,Orritt,,8580 Everett Park,Saint Louis,Missouri,63167,6/4/1984
950,Pembroke,Baterip,pbateripqd@last.fm,59525 Boyd Circle,Van Nuys,California,91406,1/12/1990
951,Martynne,Coalburn,mcoalburnqe@angelfire.com,3061 David Point,Amarillo,Texas,79116,3/19/1975
952,Janeta,Phython,jphythonqf@netvibes.com,2 Nova Road,Los Angeles,California,90045,7/1/1994
953,Leonore,Swinerd,lswinerdqg@alexa.com,32 Cody Drive,Elmira,New York,14905,
954,Gert,Collins,gcollinsqh@ted.com,1 Waubesa Point,Kansas City,Kansas,66160,8/2/1960
955,Virgilio,Torricina,vtorricinaqi@bluehost.com,287 Cody Terrace,Kansas City,Missouri,64136,8/11/1983
956,Carlotta,MacCosto,cmaccostoqj@drupal.org,351 Cherokee Center,Huntsville,Alabama,35805,
957,Amalia,Craddock,acraddockqk@joomla.org,63975 Hansons Point,Houston,Texas,77206,5/1/1980
958,Ashia,Hitter,ahitterql@businesswire.com,331 Sommers Junction,Palatine,Illinois,60078,
959,Morgun,Senner,msennerqm@odnoklassniki.ru,61 Duke Junction,Albany,New York,12242,9/4/1955
960,Mala,Paskell,mpaskellqn@cam.ac.uk,2017 Melvin Point,Tuscaloosa,Alabama,35487,2/25/1988
961,Jillene,Moxson,jmoxsonqo@devhub.com,31857 Schurz Hill,Des Moines,Iowa,50369,
962,Alvina,Yakovitch,ayakovitchqp@nasa.gov,242 Lawn Street,Pittsburgh,Pennsylvania,15286,8/20/1985
963,Coralyn,Stailey,cstaileyqq@oaic.gov.au,471 Beilfuss Trail,Fort Worth,Texas,76115,6/6/1986
964,Maribeth,Melendez,mmelendezqr@weather.com,48097 Pearson Plaza,Colorado Springs,Colorado,80930,1/4/1947
965,Donia,Gudeman,dgudemanqs@mit.edu,900 David Pass,Boston,Massachusetts,02119,6/13/1982
966,Dominick,Klimentov,,910 Green Ridge Parkway,Bradenton,Florida,34282,6/23/1990
967,Corly,Tommasuzzi,ctommasuzziqu@constantcontact.com,84768 Linden Drive,Houston,Texas,77250,7/8/1969
968,Shara,Learoyde,slearoydeqv@vinaora.com,3 Bonner Street,Knoxville,Tennessee,37995,5/11/1967
969,Court,McKimm,cmckimmqw@upenn.edu,8874 Debs Park,Rochester,New York,14683,
970,Joeann,Cantle,jcantleqx@chronoengine.com,5659 Stuart Place,Charlotte,North Carolina,28284,8/25/1982
971,Shoshanna,Norridge,,18 Oriole Terrace,Camden,New Jersey,08104,8/17/1952
972,Elnore,Dobinson,edobinsonqz@apple.com,27223 Sage Court,Gilbert,Arizona,85297,
973,Carree,Echlin,cechlinr0@gravatar.com,87 Sloan Place,Oakland,California,94660,12/21/1979
974,Zara,MacAvaddy,zmacavaddyr1@dyndns.org,17 Roxbury Park,Orlando,Florida,32803,
975,Tonia,Atlee,tatleer2@microsoft.com,71063 Hazelcrest Lane,Utica,New York,13505,
976,Mersey,Pocknoll,mpocknollr3@cam.ac.uk,2702 Stone Corner Drive,Birmingham,Alabama,35220,
977,Jordan,Mazella,jmazellar4@theglobeandmail.com,083 Pleasure Way,Erie,Pennsylvania,16550,
978,Edgar,Gladwell,egladwellr5@ucoz.com,67764 Transport Junction,Providence,Rhode Island,02905,
979,Bernard,Letterese,blettereser6@nymag.com,27 Stoughton Circle,El Paso,Texas,79994,5/3/1967
980,Merry,Haycox,mhaycoxr7@microsoft.com,73 Ramsey Plaza,Tampa,Florida,33686,
981,Mord,Asel,maselr8@nifty.com,1 Holy Cross Crossing,Chicago,Illinois,60619,6/22/1964
982,Martguerita,Willetts,mwillettsr9@webnode.com,27 Dakota Plaza,Las Cruces,New Mexico,88006,
983,Uri,Roydon,uroydonra@dion.ne.jp,05297 Johnson Drive,Augusta,Georgia,30919,2/3/1983
984,Petey,Isakovitch,pisakovitchrb@virginia.edu,6578 Annamark Junction,San Francisco,California,94132,
985,Kai,Bickerdike,kbickerdikerc@nature.com,3 Chinook Center,Little Rock,Arkansas,72222,
986,Shem,Waber,swaberrd@businessweek.com,32330 Warbler Drive,Las Vegas,Nevada,89125,9/4/1957
987,Brynna,Stroobant,bstroobantre@exblog.jp,0 Tomscot Avenue,Portland,Oregon,97286,11/30/1970
988,Ange,Espinos,aespinosrf@delicious.com,03855 Del Mar Junction,College Station,Texas,77844,
989,Jeffy,Heak,jheakrg@webmd.com,92443 Forest Plaza,Brooksville,Florida,34605,11/3/1968
990,Nolan,Huxstep,nhuxsteprh@ow.ly,1941 Waxwing Place,Atlanta,Georgia,30323,3/12/1985
991,Alvie,Strowger,astrowgerri@latimes.com,7 Badeau Terrace,North Las Vegas,Nevada,89036,10/21/1997
992,Tarrah,Hayden,thaydenrj@geocities.com,314 Graedel Terrace,Corpus Christi,Texas,78410,7/14/1998
993,Marje,Clemonts,mclemontsrk@cam.ac.uk,0885 Karstens Crossing,Washington,District of Columbia,20210,6/5/1964
994,Nolana,Tremolieres,ntremolieresrl@gnu.org,131 Parkside Trail,North Port,Florida,34290,9/15/1966
995,Kelsy,Sturgis,ksturgisrm@forbes.com,74 Doe Crossing Parkway,Albany,New York,12242,3/30/1951
996,Durward,Pelz,dpelzrn@yolasite.com,89 Comanche Avenue,Austin,Texas,78737,6/10/1984
997,Delinda,Pinel,dpinelro@mayoclinic.com,15 Sunfield Place,Kansas City,Missouri,64142,3/5/1976
998,Delano,Orbine,dorbinerp@nationalgeographic.com,22 Portage Center,Omaha,Nebraska,68179,6/7/1962
999,Janelle,Gardner,jgardnerrq@yandex.ru,387 Lindbergh Avenue,Racine,Wisconsin,53405,
1000,Rudyard,Triplet,rtripletrr@infoseek.co.jp,2414 Melrose Terrace,Peoria,Illinois,61651,8/12/1948
